"Date","Price","Open","High","Low","Vol.","Change %"
17-Jul-17,858.5,862.5,862.5,857.5,41.12K,0.64
14-Jul-17,853,875,875,853,331.46K,-1.95
13-Jul-17,870,878,881.5,857.5,357.86K,-0.68
12-Jul-17,876,867.5,878,867.5,118.81K,0.98
11-Jul-17,867.5,859.5,868,854.5,113.55K,1.46
10-Jul-17,855,871,875,853,86.10K,-1.72
7-Jul-17,870,869,870,869,119.99K,-0.23
6-Jul-17,872,864,873,860,189.85K,1.4
5-Jul-17,860,855,860,851,316.24K,1.18
4-Jul-17,850,851,856,849,147.63K,-0.12
3-Jul-17,851,858,858,841,114.73K,0.12
30-Jun-17,850,840,855,837,485.68K,1.19
29-Jun-17,840,841.5,844,838,346.26K,-0.18
28-Jun-17,841.5,842,842.5,837,401.04K,-0.12
27-Jun-17,842.5,840.5,854,840.5,208.25K,0.24
23-Jun-17,840.5,855,857,837,251.26K,-1.7
22-Jun-17,855,843,855,840,128.42K,1.6
21-Jun-17,841.5,856,856,837.5,438.96K,-1.92
20-Jun-17,858,859.5,859.5,857,236.87K,-0.23
19-Jun-17,860,850,864.5,850,144.37K,1.18
16-Jun-17,850,867,867,850,547.41K,-1.96
15-Jun-17,867,869.5,879,866.5,151.38K,-0.06
14-Jun-17,867.5,860,870,859,244.88K,0.87
13-Jun-17,860,873,873,858,448.69K,-1.04
9-Jun-17,869,872.5,884,869,382.74K,-0.11
8-Jun-17,870,871,885,869,470.54K,0
7-Jun-17,870,882.5,893,870,517.45K,-1.36
6-Jun-17,882,895,896,882,557.90K,-1.34
5-Jun-17,894,892,899,891,168.16K,0.22
2-Jun-17,892,873,893.5,872.5,308.55K,2.18
1-Jun-17,873,874,876.5,869,676.82K,0.58
31-May-17,868,870,871,868,579.28K,-0.12
30-May-17,869,872,874,865,225.62K,0.23
29-May-17,867,867,873,867,294.44K,0.12
26-May-17,866,867,867.5,865.5,398.42K,-0.12
25-May-17,867,870,870,867,298.64K,-0.34
24-May-17,870,868,872,866,165.80K,0
23-May-17,870,872,875.5,869,336.27K,-0.23
22-May-17,872,864.5,879.5,864,114.61K,0.87
19-May-17,864.5,863,865.5,861,111.28K,-0.12
18-May-17,865.5,868.5,868.5,861,219.02K,-0.4
17-May-17,869,867.5,871,864,232.38K,0.35
16-May-17,866,864,870,860.5,375.98K,0.23
15-May-17,864,868.5,870,855,315.88K,-0.52
12-May-17,868.5,865,869.5,855,200.00K,0.06
11-May-17,868,860,872,855,287.90K,0.93
10-May-17,860,883,885,860,457.98K,-2.6
9-May-17,883,890,893.5,880.5,367.56K,-0.79
8-May-17,890,878,890,878,370.25K,1.37
5-May-17,878,879,886,870,253.04K,-0.34
4-May-17,881,869,885.5,866,204.08K,1.5
3-May-17,868,868,873,868,202.34K,0.12
2-May-17,867,867,870,864.5,230.03K,0.06
27-Apr-17,866.5,879,880,865,128.17K,-1.42
26-Apr-17,879,878,879,868,160.40K,0.23
25-Apr-17,877,869.5,882,869.5,487.26K,1.15
24-Apr-17,867,863,867,860,86.12K,0.7
21-Apr-17,861,865,865,859,141.04K,0.12
20-Apr-17,860,855,860.5,848,159.51K,0.41
19-Apr-17,856.5,855,860,855,150.22K,-0.29
18-Apr-17,859,859,865,852,92.52K,0
17-Apr-17,859,859,860,850.5,109.57K,0.23
12-Apr-17,857,858,871.5,848,223.06K,-0.17
11-Apr-17,858.5,861.5,863,855,192.62K,-0.35
10-Apr-17,861.5,863,864,853.5,176.03K,-0.17
7-Apr-17,863,865,870,862,175.57K,-0.23
6-Apr-17,865,888,888,855,150.57K,-2.81
5-Apr-17,890,876,890,875,272.70K,1.71
4-Apr-17,875,849,883,845,312.37K,3.06
3-Apr-17,849,845,850,840,107.93K,0.47
31-Mar-17,845,842,845,833,169.55K,0.36
30-Mar-17,842,842,845,841.5,913.98K,0
29-Mar-17,842,841,845,830,318.18K,0.12
28-Mar-17,841,828.5,841,828.5,191.44K,1.88
27-Mar-17,825.5,833,837,818,495.52K,-2.31
24-Mar-17,845,845,846,835,443.81K,0
23-Mar-17,845,830,845,830,183.95K,1.56
22-Mar-17,832,826.5,832,815,356.70K,0.54
21-Mar-17,827.5,830,835,819.5,434.03K,-0.3
20-Mar-17,830,838,840,815.5,122.06K,0
17-Mar-17,830,831,850,830,649.81K,0.36
16-Mar-17,827,821,832,821,347.61K,0.85
15-Mar-17,820,821,824,810,101.86K,0
14-Mar-17,820,820,822,815,418.12K,-0.24
13-Mar-17,822,815,822,815,90.77K,0.86
10-Mar-17,815,821.5,821.5,810,443.55K,-0.61
9-Mar-17,820,822,825,816.5,417.95K,-0.24
8-Mar-17,822,820,830,820,282.38K,0.31
7-Mar-17,819.5,823,825.5,817,553.49K,-0.43
6-Mar-17,823,802,825,800.5,170.39K,0.37
3-Mar-17,820,803,820,793.5,264.60K,2.12
2-Mar-17,803,788,808,788,276.83K,2.42
1-Mar-17,784,788,788.5,784,125.75K,-0.51
28-Feb-17,788,793,793,786,321.09K,-0.63
27-Feb-17,793,801,803,791,118.50K,-1
24-Feb-17,801,816.5,817,801,218.50K,-1.96
23-Feb-17,817,805,818,800,217.12K,1.49
22-Feb-17,805,792,807,783.5,142.37K,1.64
21-Feb-17,792,787,793,780,105.65K,0.64
20-Feb-17,787,789.5,789.5,778.5,132.85K,0.77
17-Feb-17,781,799,799,777,218.03K,-0.89
16-Feb-17,788,786.5,794,785,563.53K,0.25
15-Feb-17,786,800,800,786,136.00K,-1.75
14-Feb-17,800,808.5,808.5,799,282.95K,-1.11
13-Feb-17,809,793,809.5,793,157.77K,2.02
10-Feb-17,793,798.5,798.5,782.5,122.96K,-0.5
9-Feb-17,797,787.5,800,777,227.91K,1.21
8-Feb-17,787.5,787,790,784,104.46K,0.96
7-Feb-17,780,791,792,776.5,322.54K,-2.5
6-Feb-17,800,795.5,801,795,143.34K,0.63
3-Feb-17,795,814,814,785.5,184.49K,-0.87
2-Feb-17,802,815,818,800,162.21K,-1.6
1-Feb-17,815,810,815,804,174.35K,1.88
31-Jan-17,800,806.5,812,800,175.85K,-2.38
30-Jan-17,819.5,805,820,802,66.78K,2.44
27-Jan-17,800,811,817,800,107.23K,-1.36
26-Jan-17,811,810,817,808.5,226.08K,-0.37
25-Jan-17,814,833,833,814,83.59K,-2.4
24-Jan-17,834,812,837,802.5,813.34K,2.71
23-Jan-17,812,793.5,812,790,262.89K,3.05
20-Jan-17,788,790,794,785,277.15K,-1.5
19-Jan-17,800,784.5,800,784.5,179.86K,1.98
18-Jan-17,784.5,785,789,783,237.24K,-0.7
17-Jan-17,790,785,797,780,226.42K,0.45
16-Jan-17,786.5,795.5,795.5,773,148.70K,-0.69
13-Jan-17,792,793.5,797.5,790,353.42K,-0.19
12-Jan-17,793.5,796.5,799.5,790.5,125.72K,-0.31
11-Jan-17,796,794,797,787,559.30K,0.38
10-Jan-17,793,787.5,797,784,392.63K,1.08
9-Jan-17,784.5,786.5,790,770.5,175.92K,-0.25
6-Jan-17,786.5,780,794.5,780,387.74K,-0.44
5-Jan-17,790,767,790,760.5,722.75K,3.95
4-Jan-17,760,735,760,735,242.32K,4.54
3-Jan-17,727,730,733,722.5,205.37K,-0.48
29-Dec-16,730.5,733,734,729,366.71K,-0.2
28-Dec-16,732,715,734,715,277.42K,3.1
27-Dec-16,710,715,715,710,41.77K,0.28
23-Dec-16,708,702,715,701.5,241.17K,-1.12
22-Dec-16,716,713,718,701.5,345.28K,0.42
21-Dec-16,713,715,726,705,515.91K,-0.28
20-Dec-16,715,727.5,727.5,700.5,643.25K,-1.72
19-Dec-16,727.5,732,732,720.5,346.22K,-0.61
16-Dec-16,732,728,732,714,346.69K,0
15-Dec-16,732,715,735,694,422.02K,1.74
14-Dec-16,719.5,692,720,690,293.51K,4.28
13-Dec-16,690,706,706.5,670,1.31M,-2.27
12-Dec-16,706,733,734,706,293.08K,-3.55
9-Dec-16,732,725,734,723,499.69K,1.1
8-Dec-16,724,717,726,708,526.27K,2.7
7-Dec-16,705,710,724,705,450.02K,-0.42
6-Dec-16,708,727,727,704,282.59K,-0.28
5-Dec-16,710,740,740,710,429.58K,-3.99
2-Dec-16,739.5,746,749,737,453.20K,0.07
1-Dec-16,739,750,753.5,739,413.81K,1.79
29-Nov-16,726,733,733,720,489.71K,-1.36
28-Nov-16,736,735,743,713,499.56K,1.1
25-Nov-16,728,750,750,725,266.63K,-1.62
24-Nov-16,740,726,745,724.5,567.83K,2.07
23-Nov-16,725,734,740,722,388.18K,-0.89
22-Nov-16,731.5,770,774.5,731.5,323.01K,-5
21-Nov-16,770,780.5,785,765,458.67K,-1.28
18-Nov-16,780,771,786,771,366.09K,1.17
17-Nov-16,771,748,771,745,329.45K,3.77
16-Nov-16,743,730,750,730,1.01M,2.77
15-Nov-16,723,739,739.5,722,1.07M,-2.3
14-Nov-16,740,750.5,755,740,476.17K,-1.33
11-Nov-16,750,786,787,750,918.80K,-6.25
10-Nov-16,800,813,815,792.5,496.10K,1.27
9-Nov-16,790,830,831,778.5,497.23K,-4.93
8-Nov-16,831,827,837,826.5,311.03K,0.73
7-Nov-16,825,827,829,810,391.04K,-0.48
4-Nov-16,829,827.5,831,827,464.90K,0.12
3-Nov-16,828,830,831,826,648.64K,-0.6
2-Nov-16,833,850,850,827.5,300.19K,-0.24
28-Oct-16,835,847,850.5,831.5,573.29K,-2
27-Oct-16,852,855,855,849.5,322.34K,-0.35
26-Oct-16,855,850.5,860,849,245.77K,0.59
25-Oct-16,850,849.5,853,849.5,252.24K,0.06
24-Oct-16,849.5,852.5,853,849.5,245.24K,-0.99
21-Oct-16,858,858,859.5,855,88.18K,0
20-Oct-16,858,869,869,855,396.22K,-1.27
19-Oct-16,869,856,880,851,350.83K,1.52
18-Oct-16,856,838.5,857.5,838.5,363.22K,1.3
17-Oct-16,845,838,860,838,339.45K,0.54
14-Oct-16,840.5,839.5,843,839,366.81K,0.12
13-Oct-16,839.5,845,848.5,831.5,912.23K,-1.12
12-Oct-16,849,851,853,846,789.43K,-1.05
11-Oct-16,858,859,869,856.5,223.43K,-0.06
10-Oct-16,858.5,860,861,855,623.54K,-0.17
7-Oct-16,860,864,866,858.5,430.00K,-0.58
6-Oct-16,865,868,870,863.5,205.63K,-0.29
5-Oct-16,867.5,880,880,860.5,163.38K,-1.48
4-Oct-16,880.5,871,880.5,868.5,219.68K,0.23
3-Oct-16,878.5,860,878.5,860,175.02K,2.51
30-Sep-16,857,862,862,857,553.91K,-0.58
29-Sep-16,862,855.5,863,855.5,400.66K,0.76
28-Sep-16,855.5,854,860,852.5,275.78K,0.12
27-Sep-16,854.5,866.5,866.5,851,309.47K,-1.56
26-Sep-16,868,878,878,865,371.68K,-0.46
23-Sep-16,872,865.5,878,862.5,399.99K,0.81
22-Sep-16,865,861.5,868,861.5,365.45K,0.58
21-Sep-16,860,855,860.5,855,712.69K,0.58
20-Sep-16,855,854,858,854,542.66K,-0.12
19-Sep-16,856,854.5,858,853.5,463.93K,0.18
16-Sep-16,854.5,860,860,848.5,465.10K,-0.64
15-Sep-16,860,857,860,848,405.17K,0.35
14-Sep-16,857,859,859,850,372.68K,-0.35
13-Sep-16,860,855,860,853,418.63K,0.82
9-Sep-16,853,854,856,850,538.30K,-0.23
8-Sep-16,855,850,860,845,621.76K,0.59
7-Sep-16,850,855,855,845,504.78K,-0.58
6-Sep-16,855,859,861,852,428.29K,-0.58
5-Sep-16,860,864.5,870,858,379.59K,-0.58
2-Sep-16,865,868.5,880,864.5,322.29K,-0.4
1-Sep-16,868.5,875,875,853,438.40K,-0.74
31-Aug-16,875,875,875,868,518.79K,-0.34
30-Aug-16,878,894,894,874,505.82K,-1.84
26-Aug-16,894.5,899,899,891,240.90K,-0.5
25-Aug-16,899,899.5,900,892.5,186.58K,-0.06
24-Aug-16,899.5,901,901.5,895,216.97K,-0.39
23-Aug-16,903,902,904,895,232.90K,0.11
22-Aug-16,902,896,902,893,234.82K,0.67
19-Aug-16,896,899,899,893,94.68K,0.11
18-Aug-16,895,900,900,891,194.78K,-0.56
17-Aug-16,900,904.5,904.5,896,176.63K,0
16-Aug-16,900,904,904.5,895,457.68K,-0.44
15-Aug-16,904,898,904,888,208.27K,0.67
12-Aug-16,898,900,900,893.5,410.39K,0.17
11-Aug-16,896.5,900,900,894.5,293.07K,0.06
10-Aug-16,896,897,900,892,342.22K,-0.11
9-Aug-16,897,899,905,890.5,348.16K,-0.11
8-Aug-16,898,898,900,890,200.06K,0.06
5-Aug-16,897.5,895,900,888,153.86K,0.28
4-Aug-16,895,885,895,885,298.16K,1.7
3-Aug-16,880,888,888,870.5,420.25K,0
2-Aug-16,880,887,887,876,146.51K,-0.73
1-Aug-16,886.5,872,887.5,870.5,274.88K,1.9
29-Jul-16,870,887.5,891,870,312.97K,-2.25
28-Jul-16,890,907,907,882,354.72K,-1.98
27-Jul-16,908,899,908,889,394.82K,2.14
26-Jul-16,889,890,901.5,887,197.35K,-0.11
25-Jul-16,890,890,903,870.5,304.32K,0
22-Jul-16,890,899,900,883.5,202.38K,-1
21-Jul-16,899,894,900.5,870,912.94K,0.56
20-Jul-16,894,891,894,885,251.48K,0.45
19-Jul-16,890,886,890,884,346.52K,0.56
18-Jul-16,885,884,885,879.5,140.79K,0.11
15-Jul-16,884,876,884,875,299.14K,1.03
14-Jul-16,875,875,877.5,863,149.97K,-0.11
13-Jul-16,876,870,883.5,870,388.57K,0.69
12-Jul-16,870,850,870,849.5,239.58K,2.35
11-Jul-16,850,845,865,845,246.99K,0.71
8-Jul-16,844,844,844.5,833,186.98K,0
7-Jul-16,844,860,860,844,452.44K,-1.86
5-Jul-16,860,850,868,850,250.54K,1.18
4-Jul-16,850,845,861,845,192.93K,0.71
1-Jul-16,844,849,854,839.5,166.12K,-0.59
30-Jun-16,849,850,865,847,390.13K,-0.12
29-Jun-16,850,850,850,843,234.59K,0.59
28-Jun-16,845,850,854.5,841,122.58K,-0.59
27-Jun-16,850,828,853.5,820,395.22K,0
24-Jun-16,850,859,868,829,292.02K,0.35
23-Jun-16,847,870,870.5,846,222.90K,-2.64
22-Jun-16,870,853.5,870,853,376.74K,2.35
21-Jun-16,850,840,853.5,840,1.13M,1.07
20-Jun-16,841,839,853.5,837,340.70K,0.24
17-Jun-16,839,839,845,835.5,281.85K,0.96
16-Jun-16,831,820,835,818,306.05K,1.34
15-Jun-16,820,810,825,809,274.73K,0.99
14-Jun-16,812,820,820,808.5,414.10K,-1.58
13-Jun-16,825,828,828,801,576.65K,-0.6
10-Jun-16,830,815,838,815,275.92K,0.85
9-Jun-16,823,850,850,823,189.03K,-3.74
8-Jun-16,855,857,860,853.5,425.74K,0
7-Jun-16,855,858,866,854,365.27K,0
6-Jun-16,855,845,860,844.5,608.50K,1.18
3-Jun-16,845,846,850,840,117.78K,0.12
2-Jun-16,844,845,850,840,206.85K,-0.12
1-Jun-16,845,848.5,857,842,277.56K,-0.18
31-May-16,846.5,842,858,833,2.48M,1.93
30-May-16,830.5,828,836,825.5,355.52K,-0.06
27-May-16,831,830,839,829,408.87K,0.12
26-May-16,830,835,839,823,283.00K,-0.36
25-May-16,833,825,850.5,825,610.58K,1.59
24-May-16,820,804,827.5,804,477.74K,1.99
23-May-16,804,797.5,816,797.5,219.84K,1.26
20-May-16,794,807,819.5,790,382.33K,-1.49
19-May-16,806,845,845,805,409.72K,-4.05
18-May-16,840,834,850,830,431.99K,0.6
17-May-16,835,831,837,828,661.11K,0.36
16-May-16,832,827.5,840,822,663.29K,0.48
13-May-16,828,801,840,801,1.19M,5.28
12-May-16,786.5,789.5,790,780,405.43K,-0.38
11-May-16,789.5,768,797,768,1.20M,3.34
10-May-16,764,725,764,723,405.66K,3.95
6-May-16,735,733,735,728,312.99K,0.27
5-May-16,733,735,737.5,732.5,258.05K,-2.01
4-May-16,748,743,748,734,202.46K,0.4
3-May-16,745,760,769,745,214.49K,-1.97
2-May-16,760,761,765,750.5,165.84K,-1.43
29-Apr-16,771,770,771.5,760,212.74K,-0.13
28-Apr-16,772,775,780,765,325.37K,-0.52
27-Apr-16,776,780,780.5,766,325.53K,-0.26
26-Apr-16,778,783.5,784,772.5,394.57K,-0.89
25-Apr-16,785,786,786,776,138.32K,-0.25
22-Apr-16,787,786,791,779.5,228.59K,0.13
21-Apr-16,786,773.5,786,768,348.62K,1.62
20-Apr-16,773.5,780,780,764,341.32K,-0.77
19-Apr-16,779.5,780,781,776,254.04K,-0.06
18-Apr-16,780,780,780,767,268.02K,-0.26
15-Apr-16,782,780,782,768,430.14K,0.26
14-Apr-16,780,773,780,772,471.06K,0.78
13-Apr-16,774,777.5,780,773,388.05K,-0.51
12-Apr-16,778,760,778,755,522.32K,2.37
11-Apr-16,760,743.5,760,741.5,241.21K,1.95
8-Apr-16,745.5,750,750,735.5,340.11K,-1.45
7-Apr-16,756.5,743,756.5,743,177.07K,1.75
6-Apr-16,743.5,743,747,740,60.92K,0.07
5-Apr-16,743,760,760,743,123.43K,-0.93
4-Apr-16,750,757,764,750,222.41K,-0.92
1-Apr-16,757,749,757,740,288.06K,0.93
31-Mar-16,750,735.5,750,728,706.17K,2.11
30-Mar-16,734.5,745,754,734.5,289.69K,-1.01
29-Mar-16,742,745,755,740,183.17K,-1.72
28-Mar-16,755,743,759,739.5,409.47K,1.75
23-Mar-16,742,749,749,737,443.71K,-1
22-Mar-16,749.5,747.5,752.5,745,271.25K,0.27
21-Mar-16,747.5,742,754,734,619.40K,1.42
18-Mar-16,737,740,760,737,688.70K,-0.41
17-Mar-16,740,735.5,752,735,523.08K,0.68
16-Mar-16,735,749,749.5,732.5,303.73K,-1.93
15-Mar-16,749.5,759.5,760,743.5,411.43K,-1.32
14-Mar-16,759.5,757,765,750,391.39K,0.33
11-Mar-16,757,754,760.5,754,499.30K,0.33
10-Mar-16,754.5,738.5,763.5,738.5,538.87K,2.24
9-Mar-16,738,725,744,725,483.49K,1.79
8-Mar-16,725,710,725,710,143.87K,0.69
7-Mar-16,720,734.5,738,710,145.72K,-1.97
4-Mar-16,734.5,738,739,730,267.26K,-0.07
3-Mar-16,735,715,739.5,713,552.94K,3.52
2-Mar-16,710,690.5,714,690.5,502.51K,2.9
1-Mar-16,690,685,690,684.5,196.79K,0.15
29-Feb-16,689,690,699.5,688,341.74K,0.29
26-Feb-16,687,690,690,680,278.48K,-1.15
24-Feb-16,695,693,699.5,690,385.17K,-0.64
23-Feb-16,699.5,696,701,696,195.54K,0.5
22-Feb-16,696,694,697,692.5,182.11K,0.36
19-Feb-16,693.5,690.5,695,688.5,217.31K,-0.22
18-Feb-16,695,699.5,702,695,397.61K,-0.64
17-Feb-16,699.5,686,700,686,235.37K,0.43
16-Feb-16,696.5,693,701,692,348.47K,0.65
15-Feb-16,692,693,695,680,276.95K,0.36
12-Feb-16,689.5,688,691,680,90.56K,-0.22
11-Feb-16,691,685.5,698,670,140.09K,0.88
10-Feb-16,685,680,687,672.5,241.46K,0
9-Feb-16,685,687,689,668,232.86K,-1.37
5-Feb-16,694.5,678,697,678,515.78K,2.43
4-Feb-16,678,655,678,653.5,340.65K,3.51
3-Feb-16,655,670,670,649.5,433.05K,-2.31
2-Feb-16,670.5,670,678.5,670,217.16K,0.07
1-Feb-16,670,680,684,660,338.82K,-1.4
29-Jan-16,679.5,683,683,670,701.22K,1.42
28-Jan-16,670,679,680,665,249.30K,-1.47
27-Jan-16,680,650,680,646.5,280.71K,6.58
26-Jan-16,638,642,646,626,291.59K,-3.19
25-Jan-16,659,635,659,635,523.46K,7.5
22-Jan-16,613,606,629,606,314.08K,2.17
21-Jan-16,600,617,620,600,585.33K,-2.6
20-Jan-16,616,649,649,616,381.78K,-5.08
19-Jan-16,649,650,657,644.5,126.66K,0.78
18-Jan-16,644,665,665,636,455.67K,-3.88
15-Jan-16,670,685,685,670,201.18K,0.3
14-Jan-16,668,664,681,662,168.46K,-0.3
13-Jan-16,670,673,682,670,392.80K,1.52
12-Jan-16,660,670,693,660,400.51K,-0.75
11-Jan-16,665,690,690,660,468.35K,-5
8-Jan-16,700,701,718,700,413.70K,-1.27
7-Jan-16,709,732,733,709,348.16K,-3.14
6-Jan-16,732,752.5,752.5,732,241.49K,-1.35
5-Jan-16,742,750,755.5,741.5,179.94K,-1.85
4-Jan-16,756,756,764,756,147.06K,0
29-Dec-15,756,754,760.5,751,263.88K,0.8
28-Dec-15,750,740,758,740,113.93K,-1.19
23-Dec-15,759,764.5,764.5,757,114.48K,0.26
22-Dec-15,757,748,763.5,743.5,175.70K,2.09
21-Dec-15,741.5,745,749,740,103.89K,-0.8
18-Dec-15,747.5,757,757,739,212.08K,-1.52
17-Dec-15,759,757,762,756,139.47K,0.26
16-Dec-15,757,737,758.5,737,336.25K,3.06
15-Dec-15,734.5,735.5,736.5,732,289.74K,-0.07
14-Dec-15,735,725,735,721,199.72K,1.38
11-Dec-15,725,728,732,724.5,293.65K,0
10-Dec-15,725,730,734,725,319.53K,-0.41
9-Dec-15,728,731,735,725,211.58K,-0.27
8-Dec-15,730,732,734.5,730,319.89K,-0.54
7-Dec-15,734,740,751.5,730.5,193.93K,-0.27
4-Dec-15,736,743,744,733.5,332.30K,-1.08
3-Dec-15,744,757,757,737,137.87K,-1.72
2-Dec-15,757,755,765,752.5,108.06K,-1.69
1-Dec-15,770,739,771,739,509.26K,3.63
27-Nov-15,743,758.5,760,741.5,699.14K,-1.59
26-Nov-15,755,759,759,753,296.61K,0.67
25-Nov-15,750,762.5,765,747,571.73K,-1.64
24-Nov-15,762.5,766,766,752,224.80K,-0.33
23-Nov-15,765,753,766,751,267.10K,1.19
20-Nov-15,756,750,756,750,462.05K,0.13
17-Nov-15,755,750.5,757,747.5,222.87K,0.8
16-Nov-15,749,746.5,750,733.5,184.45K,-1.32
13-Nov-15,759,729.5,759,729.5,381.88K,4.12
12-Nov-15,729,756,770,729,288.25K,-2.67
11-Nov-15,749,763,767.5,748.5,156.13K,-2.35
10-Nov-15,767,766,770,761.5,291.45K,-0.13
9-Nov-15,768,786,786,765,101.93K,-2.35
6-Nov-15,786.5,790,790,785,232.33K,-0.06
5-Nov-15,787,776,790,774,192.18K,-0.32
4-Nov-15,789.5,778,789.5,771,160.53K,1.48
3-Nov-15,778,787,792,770,133.14K,-1.14
2-Nov-15,787,789,789.5,785,446.15K,0.9
30-Oct-15,780,780,782.5,775,544.53K,0
29-Oct-15,780,790,793.5,777,412.37K,0.26
28-Oct-15,778,785,793,778,203.35K,-0.89
27-Oct-15,785,778,790,770,626.25K,0.13
26-Oct-15,784,776,790,776,391.93K,1.29
23-Oct-15,774,766,777,766,317.26K,1.98
22-Oct-15,759,758.5,763,757,201.14K,0.07
21-Oct-15,758.5,755,763,755,91.04K,0.46
20-Oct-15,755,760,760,753,102.66K,0.27
19-Oct-15,753,751.5,758,746,151.86K,0.2
16-Oct-15,751.5,767,767,747,394.64K,-0.46
15-Oct-15,755,750,758.5,750,161.09K,0.67
14-Oct-15,750,758,773,750,77.62K,-0.92
13-Oct-15,757,775,775,752,391.88K,-2.32
12-Oct-15,775,774.5,775,770,130.41K,0
9-Oct-15,775,776.5,776.5,762,295.74K,0
8-Oct-15,775,772,780,772,369.10K,0.65
7-Oct-15,770,765,770,754,302.41K,0.39
6-Oct-15,767,761.5,772,761.5,379.96K,0.79
5-Oct-15,761,757,770.5,750,669.46K,0.66
2-Oct-15,756,770,770,749,214.72K,-0.2
1-Oct-15,757.5,750,775,750,192.90K,-1.24
30-Sep-15,767,750,767,743,485.26K,2.95
29-Sep-15,745,740,745,732.5,185.77K,0.13
28-Sep-15,744,745,750,743,139.88K,0.54
24-Sep-15,740,760,760,735,461.72K,-2.57
23-Sep-15,759.5,777,777,750,283.70K,-2.25
22-Sep-15,777,779,781,772,131.30K,-0.26
21-Sep-15,779,787,787,770,129.15K,-0.38
18-Sep-15,782,773,783.5,771,380.60K,1.56
17-Sep-15,770,761,770,761,291.79K,1.18
16-Sep-15,761,752,767,752,570.61K,1.6
15-Sep-15,749,749.5,750,746,334.25K,-0.07
14-Sep-15,749.5,740,749.5,730,301.44K,2.95
11-Sep-15,728,743,743,728,114.40K,-0.27
10-Sep-15,730,745,748,726,292.59K,-1.62
9-Sep-15,742,731,745,731,573.31K,1.99
8-Sep-15,727.5,725,735,720,340.04K,0.34
7-Sep-15,725,748.5,748.5,725,150.56K,-3.14
4-Sep-15,748.5,750,756,745.5,184.29K,-1.51
3-Sep-15,760,760,760,752.5,249.74K,0
2-Sep-15,760,740,760,725,368.17K,0.66
1-Sep-15,755,725,756,725,862.32K,2.3
28-Aug-15,738,730,745,727.5,512.34K,1.79
27-Aug-15,725,730,730,717,661.95K,2.26
26-Aug-15,709,720.5,730,695,815.55K,-1.12
25-Aug-15,717,699,724,695,787.13K,1.77
24-Aug-15,704.5,744,744,700,1.01M,-6.69
20-Aug-15,755,767.5,772,755,280.98K,-2.08
19-Aug-15,771,769,774,765,128.19K,0.13
18-Aug-15,770,761,770,761,142.59K,1.32
17-Aug-15,760,761,767,756.5,129.20K,0.13
14-Aug-15,759,759,767,754,198.80K,0.53
13-Aug-15,755,763,765,751,431.35K,-1.11
12-Aug-15,763.5,769.5,771,761,272.42K,-1.61
11-Aug-15,776,772,784,769,110.52K,0.78
10-Aug-15,770,769.5,780,768,226.46K,0.06
7-Aug-15,769.5,790.5,790.5,769.5,273.66K,-2.47
6-Aug-15,789,794,799,787,113.85K,-0.63
5-Aug-15,794,786,795,785,138.24K,1.15
4-Aug-15,785,781,788,780,229.52K,-1.26
3-Aug-15,795,787,795,777,329.16K,1.92
31-Jul-15,780,770.5,800,770,432.18K,1.69
30-Jul-15,767,767,774,767,247.33K,-0.52
29-Jul-15,771,771,774,768,269.27K,0
28-Jul-15,771,773,774,769.5,310.02K,-0.52
27-Jul-15,775,787,787,771,153.72K,-1.52
24-Jul-15,787,777,792,775,509.01K,1.29
23-Jul-15,777,768,780,768,154.36K,-0.51
22-Jul-15,781,780,782,774,427.80K,0.13
21-Jul-15,780,765,780,761,209.08K,2.9
20-Jul-15,758,768,769,755.5,555.86K,-0.66
16-Jul-15,763,768,769,762,231.31K,-0.65
15-Jul-15,768,770,772,767,298.93K,-0.13
14-Jul-15,769,760,774,760,335.52K,1.85
13-Jul-15,755,749,764,748,360.47K,1.07
10-Jul-15,747,750,757,745.5,468.91K,-0.27
9-Jul-15,749,746,750.5,745,562.35K,0.33
8-Jul-15,746.5,750,753.5,746,368.44K,-0.2
7-Jul-15,748,763,770,748,568.14K,-1.97
6-Jul-15,763,779,779,761.5,138.24K,-1.17
3-Jul-15,772,778,781,772,180.85K,-0.9
2-Jul-15,779,780,789,778.5,334.44K,-1.14
1-Jul-15,788,775,788,770,286.55K,-0.25
30-Jun-15,790,765,790,765,725.78K,1.41
29-Jun-15,779,789.5,789.5,771,358.73K,-1.33
26-Jun-15,789.5,790,790.5,785,202.71K,-0.06
25-Jun-15,790,798,798,785,206.93K,-1
24-Jun-15,798,799,799.5,791.5,273.05K,0.63
23-Jun-15,793,793,798,787,206.34K,0.13
22-Jun-15,792,799,799,762.5,159.25K,-0.94
19-Jun-15,799.5,799.5,802,798.5,317.59K,0
18-Jun-15,799.5,785,803,782,516.14K,2.5
17-Jun-15,780,775.5,780,775,229.26K,0.65
16-Jun-15,775,772.5,776,769,230.21K,0.32
15-Jun-15,772.5,755,777,755,258.69K,0.72
11-Jun-15,767,759,769.5,751.5,236.11K,2.68
10-Jun-15,747,749,750,740,199.47K,-0.27
9-Jun-15,749,756,760,736,316.65K,-1.45
8-Jun-15,760,770.5,772,756,327.74K,-1.36
5-Jun-15,770.5,765,775,759,172.37K,0.52
4-Jun-15,766.5,776,776,755,746.11K,-1.22
3-Jun-15,776,780,780,773,446.78K,-0.51
2-Jun-15,780,789,789,777,434.55K,-2.5
1-Jun-15,800,797.5,801,775,217.90K,1.27
29-May-15,790,775,803.5,775,536.13K,1.28
28-May-15,780,803,803,770,612.82K,-2.86
27-May-15,803,806.5,806.5,796,340.18K,-0.43
26-May-15,806.5,807,807,797,305.38K,0.06
25-May-15,806,810.5,810.5,805.5,387.21K,-0.56
22-May-15,810.5,819,819,808.5,190.60K,-0.8
21-May-15,817,819,819,815,175.77K,-0.24
20-May-15,819,807,822,806.5,300.59K,1.55
19-May-15,806.5,817.5,817.5,801,237.55K,-1.22
18-May-15,816.5,821,823,810,190.65K,-0.55
15-May-15,821,810,823.5,810,379.80K,1.36
14-May-15,810,800,817.5,800,438.85K,1.19
13-May-15,800.5,800,804,788,135.87K,-0.31
12-May-15,803,797,805,790.5,258.31K,-0.19
11-May-15,804.5,805,810,799.5,77.97K,-0.06
8-May-15,805,808.5,808.5,800,141.21K,-0.43
7-May-15,808.5,799,809,790,166.17K,-0.43
6-May-15,812,800,813,790,559.43K,1.37
5-May-15,801,796,801,796,461.08K,0.63
4-May-15,796,780,796,778,370.38K,2.05
30-Apr-15,780,794,799,775,1.13M,-1.76
29-Apr-15,794,800,800,777,530.36K,-0.75
28-Apr-15,800,797.5,800,795,577.45K,0
27-Apr-15,800,792.5,800,792,423.28K,0.63
24-Apr-15,795,790,795,789,609.82K,0.25
23-Apr-15,793,770,795,769.5,279.12K,3.39
22-Apr-15,767,770.5,772,765,266.39K,-0.39
21-Apr-15,770,794,794,761,551.84K,-1.28
20-Apr-15,780,783.5,788.5,760,838.73K,-1.64
17-Apr-15,793,799,799,787,390.15K,-0.25
16-Apr-15,795,780,795,780,400.55K,0.51
15-Apr-15,791,797,798.5,786.5,580.06K,-0.94
14-Apr-15,798.5,797,801.5,796.5,866.43K,-0.19
13-Apr-15,800,804,806,797.5,595.44K,-0.06
10-Apr-15,800.5,790,803,790,631.33K,0.06
8-Apr-15,800,800.5,806.5,792,518.36K,-0.06
7-Apr-15,800.5,801,804.5,799.5,316.89K,0.06
6-Apr-15,800,795,803.5,795,482.44K,0.13
1-Apr-15,799,797,800,794.5,581.60K,0.5
31-Mar-15,795,794,798.5,787,1.25M,0.19
30-Mar-15,793.5,787,800,787,649.49K,1.73
27-Mar-15,780,780,780.5,777,529.29K,0
26-Mar-15,780,770,780,765,436.49K,1.3
25-Mar-15,770,770,774,765,380.42K,0.13
24-Mar-15,769,770,777,751,457.43K,-0.13
23-Mar-15,770,777,778,769.5,242.78K,0
20-Mar-15,770,771,776,768.5,456.81K,0
19-Mar-15,770,761,777,761,667.23K,1.32
18-Mar-15,760,753,762,753,488.80K,0.93
17-Mar-15,753,751,757,744,808.18K,0.27
16-Mar-15,751,757,757.5,749,1.45M,-0.92
13-Mar-15,758,754,758,752,561.51K,0.53
12-Mar-15,754,741,758,741,845.88K,1.21
11-Mar-15,745,739,747,733,389.14K,0.54
10-Mar-15,741,732,743,730.5,557.03K,1.23
9-Mar-15,732,732,734,720,376.06K,0
6-Mar-15,732,730,732.5,730,323.32K,0.48
5-Mar-15,728.5,734.5,734.5,717,546.62K,-0.88
4-Mar-15,735,726,735,726,250.77K,1.52
3-Mar-15,724,724.5,728,722,484.77K,-0.14
2-Mar-15,725,717,725,717,276.61K,1.12
27-Feb-15,717,734,734,715,804.09K,-1.71
26-Feb-15,729.5,741,741.5,720,390.80K,-1.15
25-Feb-15,738,742,742.5,735,194.73K,-0.47
24-Feb-15,741.5,740,745,740,340.17K,0.2
23-Feb-15,740,743,744.5,737.5,394.61K,-0.4
20-Feb-15,743,737.5,744.5,737.5,293.99K,0.88
18-Feb-15,736.5,730.5,737.5,730.5,192.47K,0.89
17-Feb-15,730,732.5,732.5,729.5,267.47K,0
16-Feb-15,730,730,735,727,260.27K,0.07
13-Feb-15,729.5,727.5,735,727.5,358.49K,0.27
12-Feb-15,727.5,730,730,726,297.69K,0.48
11-Feb-15,724,720,729,720,407.25K,0.7
10-Feb-15,719,730,730,717,151.39K,-1.24
9-Feb-15,728,730,734,723,262.86K,-0.27
6-Feb-15,730,720,730,718,331.33K,0.97
5-Feb-15,723,729,729,718.5,254.15K,-0.96
4-Feb-15,730,721.5,730,721.5,432.83K,2.1
3-Feb-15,715,712,724,712,113.12K,0
2-Feb-15,715,726.5,741,703,297.77K,-1.58
30-Jan-15,726.5,720,732,718,414.98K,1.32
29-Jan-15,717,718,732,715,309.70K,-0.42
28-Jan-15,720,722,722.5,715,217.19K,-0.28
27-Jan-15,722,720,724.5,717.5,245.59K,0.28
26-Jan-15,720,719,722,711,140.86K,0.14
23-Jan-15,719,696.5,719,696.5,543.48K,3.53
22-Jan-15,694.5,702,704,693.5,576.55K,-1.07
21-Jan-15,702,705,714,697.5,453.48K,0.14
20-Jan-15,701,710,710,700.5,254.60K,-1.41
19-Jan-15,711,711,712,704,157.64K,0
14-Jan-15,711,716,724.5,711,352.87K,-0.7
13-Jan-15,716,713,719.5,713,348.18K,0.85
12-Jan-15,710,714,714,705,134.57K,-0.7
9-Jan-15,715,720,720.5,714.5,456.75K,0.7
8-Jan-15,710,701,714,701,437.02K,1.21
7-Jan-15,701.5,701,706,693,290.58K,0.07
6-Jan-15,701,695,704.5,694.5,403.10K,0.57
5-Jan-15,697,698.5,699,692.5,342.78K,0.43
29-Dec-14,694,680,694,680,183.87K,2.81
23-Dec-14,675,684.5,685,675,261.63K,-1.39
22-Dec-14,684.5,675,685,675,112.30K,1.56
19-Dec-14,674,667,676,667,487.70K,2.98
18-Dec-14,654.5,661,673.5,648.5,525.41K,0.38
17-Dec-14,652,682,682,652,718.24K,-4.4
16-Dec-14,682,692,694,677,478.27K,-1.73
15-Dec-14,694,670,694,665,467.94K,2.06
12-Dec-14,680,670,680,670,455.94K,1.49
11-Dec-14,670,678,678,657.5,512.25K,-1.33
10-Dec-14,679,680,680,673,444.05K,0.22
9-Dec-14,677.5,693,695,677.5,236.82K,-0.37
5-Dec-14,680,685,686,671,479.45K,-0.87
4-Dec-14,686,696,697,686,155.50K,-2
3-Dec-14,700,690,700,688,389.82K,1.45
2-Dec-14,690,689,693.5,688,892.82K,0.15
1-Dec-14,689,694,696,689,384.71K,-0.72
28-Nov-14,694,688,697,688,1.51M,1.02
27-Nov-14,687,695,695,685,503.85K,-1.01
26-Nov-14,694,686,698,685,1.12M,1.31
25-Nov-14,685,696.5,697.5,684,762.51K,-0.58
24-Nov-14,689,683,698,683,539.37K,1.1
21-Nov-14,681.5,685,685,680,570.13K,-0.07
20-Nov-14,682,669.5,690,669,1.92M,-4.88
19-Nov-14,717,717,718,712,156.86K,1.13
18-Nov-14,709,707,711,705,256.04K,-0.14
17-Nov-14,710,710,711.5,706,120.06K,0
14-Nov-14,710,707,710,706,249.54K,0.14
13-Nov-14,709,715,718,708,290.84K,-0.14
12-Nov-14,710,707,717.5,707,373.62K,0.42
11-Nov-14,707,707,708.5,704,367.73K,0
10-Nov-14,707,708.5,711,704,150.50K,-0.21
7-Nov-14,708.5,705,711.5,705,497.36K,0.43
6-Nov-14,705.5,705,710,703,262.59K,-0.56
5-Nov-14,709.5,689,709.5,686,369.12K,2.31
4-Nov-14,693.5,705,705,691,283.44K,-0.36
3-Nov-14,696,690,702,687,291.10K,0.87
31-Oct-14,690,679.5,690,679.5,342.45K,1.47
30-Oct-14,680,672.5,686,670,179.10K,1.27
29-Oct-14,671.5,676,684.5,670,328.04K,-0.22
28-Oct-14,673,693,693,671,269.30K,-1.75
27-Oct-14,685,686,686,683,194.74K,-0.22
24-Oct-14,686.5,693,693.5,682.5,236.09K,0.07
23-Oct-14,686,699,699,683,506.53K,-2
22-Oct-14,700,694,700,684,244.87K,1.16
21-Oct-14,692,693,696,684,103.55K,0.29
20-Oct-14,690,688,697,688,215.05K,0.29
17-Oct-14,688,688,698.5,685.5,347.86K,0.51
16-Oct-14,684.5,685,695,680,270.42K,-0.65
15-Oct-14,689,696.5,700,688,374.42K,0.29
14-Oct-14,687,686,700,683.5,675.24K,0
13-Oct-14,687,701.5,705,686.5,580.85K,-3.1
10-Oct-14,709,709,710.5,704,401.11K,-0.14
9-Oct-14,710,712.5,716,710,643.94K,-0.14
8-Oct-14,711,716.5,722,711,567.38K,-1.52
7-Oct-14,722,721,727,720,351.88K,-1.03
3-Oct-14,729.5,729,735,727,181.67K,0.97
2-Oct-14,722.5,720,725,716,249.07K,-0.96
1-Oct-14,729.5,725,732,722,146.51K,-1.42
30-Sep-14,740,729.5,740,723.5,510.07K,2.28
29-Sep-14,723.5,720,725,719.5,248.03K,-0.07
26-Sep-14,724,711,731.5,709,228.74K,0
25-Sep-14,724,737,747,719,617.67K,-1.5
24-Sep-14,735,735,738,730,585.87K,0.89
23-Sep-14,728.5,736.5,736.5,726,447.70K,-1.15
22-Sep-14,737,723,737.5,722,456.89K,1.94
18-Sep-14,723,713,723,713,104.47K,0.7
17-Sep-14,718,711,725,711,237.50K,0.91
16-Sep-14,711.5,714,717,706,246.73K,0.21
15-Sep-14,710,708,715,706.5,430.28K,0.28
12-Sep-14,708,706,712,706,290.54K,0.28
11-Sep-14,706,707,710,706,599.58K,-0.21
10-Sep-14,707.5,711,712,707,422.93K,-0.14
9-Sep-14,708.5,709.5,710,707.5,362.25K,-0.14
8-Sep-14,709.5,703,712,702,357.88K,0.07
5-Sep-14,709,712,714.5,707.5,333.94K,0
4-Sep-14,709,709,715,709,279.33K,0
3-Sep-14,709,709.5,715,707,462.20K,0
2-Sep-14,709,701.5,722,701.5,280.03K,1.21
1-Sep-14,700.5,700.5,705.5,700,154.16K,0
29-Aug-14,700.5,700,705,690,2.12M,0.14
28-Aug-14,699.5,719,719,699,397.95K,-2.78
27-Aug-14,719.5,725,725,717,312.21K,0.07
26-Aug-14,719,725,728.5,712,224.82K,-0.83
22-Aug-14,725,727,729,724,579.80K,0.35
20-Aug-14,722.5,719.5,726,719.5,484.08K,0.49
19-Aug-14,719,705,720,705,377.52K,2.13
18-Aug-14,704,703,704.5,702,293.33K,0.14
15-Aug-14,703,701,703,698,399.08K,0
14-Aug-14,703,686,709,686,802.86K,3.38
13-Aug-14,680,679.5,681.5,678.5,433.44K,0.07
12-Aug-14,679.5,679,681,678.5,292.86K,0.3
11-Aug-14,677.5,661.5,677.5,661.5,390.86K,2.5
8-Aug-14,661,668,668,650,190.05K,-1.05
7-Aug-14,668,666,669.5,665,265.00K,0
6-Aug-14,668,667.5,669,667,388.88K,-0.07
5-Aug-14,668.5,665,672,660,245.36K,-0.07
4-Aug-14,669,660,670,651,449.29K,1.36
1-Aug-14,660,658,662.5,651,151.24K,0.3
31-Jul-14,658,653.5,668,653.5,545.57K,0.77
30-Jul-14,653,650.5,658,645,371.06K,0.93
28-Jul-14,647,652,652,643.5,441.90K,-0.77
25-Jul-14,652,650,658,649,465.95K,-0.61
24-Jul-14,656,659,659,653,136.40K,-0.15
23-Jul-14,657,662,663,653,296.72K,-0.61
22-Jul-14,661,664,664,658,346.17K,-0.08
21-Jul-14,661.5,654,663,654,143.32K,1.15
18-Jul-14,654,652,655,649,246.24K,0.23
17-Jul-14,652.5,645,654.5,645,396.96K,1.48
15-Jul-14,643,646,648,640,778.48K,-0.54
14-Jul-14,646.5,661.5,661.5,646.5,391.33K,-2.64
11-Jul-14,664,664.5,665,659,119.46K,0
10-Jul-14,664,658,670,658,218.75K,0.91
9-Jul-14,658,665,665,655,203.53K,-1.05
8-Jul-14,665,674,674,664,329.20K,-1.41
7-Jul-14,674.5,670,682,670,468.02K,0.67
4-Jul-14,670,664,672.5,664,643.95K,0.9
3-Jul-14,664,654.5,670,651,347.71K,1.45
2-Jul-14,654.5,646,654.5,645.5,637.33K,1.47
1-Jul-14,645,649,649,641.5,231.69K,-0.39
30-Jun-14,647.5,649.5,649.5,647,1.11M,-0.08
27-Jun-14,648,647.5,649.5,645,462.17K,0.15
26-Jun-14,647,644,648.5,644,201.18K,0.47
25-Jun-14,644,638,647.5,637,454.03K,1.1
24-Jun-14,637,638,640,634.5,292.18K,-0.16
23-Jun-14,638,640,642,638,231.01K,-0.31
20-Jun-14,640,640,641.5,637,309.05K,0.79
19-Jun-14,635,635,636,631.5,303.61K,0.32
18-Jun-14,633,631,634,618,316.52K,-0.31
17-Jun-14,635,640,640,633,270.49K,-0.78
16-Jun-14,640,641,641,639,563.02K,0
13-Jun-14,640,645,645,640,1.15M,0.39
11-Jun-14,637.5,639.5,639.5,635,362.91K,-0.39
10-Jun-14,640,638,640,633,331.77K,0
9-Jun-14,640,635.5,640,635.5,524.74K,0.71
6-Jun-14,635.5,640,644,635,225.67K,-0.7
5-Jun-14,640,641,641,638.5,598.23K,0
4-Jun-14,640,641.5,643,639.5,287.17K,-0.16
3-Jun-14,641,628,641.5,628,160.65K,2.15
2-Jun-14,627.5,620,630,620,337.69K,1.54
30-May-14,618,634,637,618,557.67K,-2.83
29-May-14,636,641,646.5,630,522.89K,-0.78
28-May-14,641,640,643,640,295.37K,0.16
27-May-14,640,642,645,639.5,213.25K,-0.31
26-May-14,642,651,651,639,163.64K,-1.38
23-May-14,651,650,653.5,638,590.59K,-0.46
22-May-14,654,649.5,654,649.5,1.16M,1.32
21-May-14,645.5,650,650,641,739.04K,-0.69
20-May-14,650,650,651.5,646,299.08K,0.46
19-May-14,647,650,650,645,217.88K,-0.31
16-May-14,649,647,649,640,338.38K,-0.23
15-May-14,650.5,658,658,647.5,354.00K,-1.21
14-May-14,658.5,646,660,646,593.79K,2.09
13-May-14,645,639.5,645,639,458.56K,0.86
12-May-14,639.5,635,640,634,395.00K,0.71
9-May-14,635,631,640,630,676.53K,1.11
8-May-14,628,627.5,629.5,626,319.08K,0.48
7-May-14,625,628,628,623,202.45K,-0.16
6-May-14,626,625,628,625,153.22K,0.16
5-May-14,625,621.5,627,621,121.47K,0.56
2-May-14,621.5,620,622,619,228.38K,-0.4
30-Apr-14,624,622,628,621,498.00K,0.89
29-Apr-14,618.5,619,622,617.5,603.66K,0.73
28-Apr-14,614,625,626,613.5,274.93K,-1.76
25-Apr-14,625,623,632.5,623,593.42K,0.32
24-Apr-14,623,620,625,618,380.12K,-0.08
23-Apr-14,623.5,616,625,616,371.10K,1.22
22-Apr-14,616,621.5,627,615.5,331.78K,-0.81
21-Apr-14,621,621.5,628,620,266.73K,0.49
16-Apr-14,618,611,620,611,182.55K,0.98
15-Apr-14,612,620,623,612,341.38K,-0.73
14-Apr-14,616.5,617,618,606,85.71K,-0.4
11-Apr-14,619,612,619,600,635.09K,0.98
10-Apr-14,613,605.5,618,605,750.74K,1.24
8-Apr-14,605.5,607,607,600,407.48K,-0.08
7-Apr-14,606,606,612,605,511.82K,0.17
4-Apr-14,605,615,615,603,429.46K,-0.82
3-Apr-14,610,613,616,601,1.25M,-0.49
2-Apr-14,613,590,614,590,926.25K,3.9
1-Apr-14,590,578,590,575,664.78K,2.08
31-Mar-14,578,567,579,567,793.44K,2.21
28-Mar-14,565.5,567,570,563,542.48K,-0.26
27-Mar-14,567,565,568,565,606.68K,0.18
26-Mar-14,566,559,566,555,145.10K,1.43
25-Mar-14,558,566,566,555,222.78K,-1.41
24-Mar-14,566,564,567.5,564,456.43K,0.62
21-Mar-14,562.5,560,566,560,721.50K,0.63
20-Mar-14,559,562,562,555,353.77K,-0.53
19-Mar-14,562,564,565,559.5,292.17K,-0.35
18-Mar-14,564,557.5,565,557.5,518.49K,1.62
17-Mar-14,555,564,566.5,552,402.59K,-1.6
14-Mar-14,564,560,570,558,620.41K,0.18
13-Mar-14,563,563,571,561,188.94K,0.54
12-Mar-14,560,578,578,560,536.65K,-3.11
11-Mar-14,578,575,579,573,488.94K,1.05
10-Mar-14,572,572,575,570.5,256.32K,0
7-Mar-14,572,575,579.5,565,256.80K,-0.52
6-Mar-14,575,575,579.5,570,482.69K,0.17
5-Mar-14,574,565.5,577,565.5,558.89K,2.14
4-Mar-14,562,567,568,560.5,2.09M,-1.23
3-Mar-14,569,575,575,564,197.75K,-1.13
28-Feb-14,575.5,563.5,580,563.5,763.69K,2.31
27-Feb-14,562.5,556,567,556,573.15K,1.17
26-Feb-14,556,559,560,549,499.65K,-0.71
25-Feb-14,560,559.5,564,553.5,270.58K,0
24-Feb-14,560,576,578,560,253.48K,-1.32
21-Feb-14,567.5,580,581,566,297.10K,-2.16
20-Feb-14,580,582.5,582.5,565.5,279.14K,-0.43
19-Feb-14,582.5,560,582.5,559.5,809.46K,4.95
18-Feb-14,555,545,559,545,890.54K,2.78
17-Feb-14,540,540,543,539,345.99K,0
14-Feb-14,540,538.5,542,538.5,358.46K,0.28
13-Feb-14,538.5,542,545,538,242.67K,-0.65
12-Feb-14,542,545,548.5,538,184.06K,-0.18
11-Feb-14,543,533,546.5,533,551.12K,1.88
10-Feb-14,533,525.5,537.5,525.5,569.11K,1.43
7-Feb-14,525.5,522,531,522,631.23K,0.86
6-Feb-14,521,521,524,520,288.09K,0.1
5-Feb-14,520.5,521,525,518,258.92K,0.1
4-Feb-14,520,519.5,525,515,249.78K,-1.33
3-Feb-14,527,524,530,520.5,105.37K,0.57
30-Jan-14,524,520.5,527,518,585.03K,-0.76
29-Jan-14,528,522,531,522,343.85K,1.44
28-Jan-14,520.5,533.5,533.5,520.5,401.61K,-2.53
27-Jan-14,534,530,536.5,523,255.77K,-1.84
24-Jan-14,544,539,544.5,531,214.54K,2.64
23-Jan-14,530,543,547.5,530,365.36K,-2.75
22-Jan-14,545,540,549,538,606.38K,1.11
21-Jan-14,539,540,541,537,122.66K,-0.19
20-Jan-14,540,538,540,537,186.43K,0.47
17-Jan-14,537.5,540,540,530,462.97K,-0.09
16-Jan-14,538,534,541,531.5,630.74K,1.41
15-Jan-14,530.5,528,531.5,528,877.94K,1.24
14-Jan-14,524,523,524.5,519,327.71K,-0.19
13-Jan-14,525,511,525,511,171.78K,2.94
10-Jan-14,510,529,529,508,411.52K,-2.86
9-Jan-14,525,535,535,525,246.43K,-1.04
8-Jan-14,530.5,524,535,524,558.44K,1.24
7-Jan-14,524,529.5,529.5,523,197.23K,-0.29
6-Jan-14,525.5,525,530,519,399.38K,0.96
3-Jan-14,520.5,521,523.5,514,552.23K,-0.95
2-Jan-14,525.5,520,528.5,519,367.20K,1.45
27-Dec-13,518,517,521,517,176.96K,0.29
26-Dec-13,516.5,520,521,515,340.40K,-0.48
23-Dec-13,519,526.5,529,518.5,408.41K,-0.95
20-Dec-13,524,537,537.5,522.5,238.80K,-1.69
19-Dec-13,533,546,556,533,420.46K,-1.2
18-Dec-13,539.5,539,549,527,389.74K,0.65
17-Dec-13,536,540,542.5,533.5,516.04K,2.1
16-Dec-13,525,530,545,525,383.59K,-1.87
13-Dec-13,535,530,545,530,262.03K,-0.47
12-Dec-13,537.5,555,555,535,668.29K,-3.15
11-Dec-13,555,550.5,562,550.5,181.73K,0
10-Dec-13,555,580,580,555,324.13K,-3.65
9-Dec-13,576,576,588,572,127.99K,0
6-Dec-13,576,575.5,580.5,570,197.72K,-1.37
5-Dec-13,584,582,588,581,584.89K,0.34
4-Dec-13,582,592,592,574.5,122.41K,-1.69
3-Dec-13,592,592,594.5,585,384.14K,0.34
2-Dec-13,590,585,595,585,473.46K,0.85
29-Nov-13,585,588.5,588.5,575,232.86K,-0.68
28-Nov-13,589,578,589,574,192.16K,1.9
27-Nov-13,578,588,588,569.5,485.01K,-2.03
26-Nov-13,590,570,590,559,373.17K,4.42
25-Nov-13,565,575.5,575.5,565,342.55K,-1.74
22-Nov-13,575,583,584,570.5,396.01K,-0.86
21-Nov-13,580,580,580,565,238.26K,0
20-Nov-13,580,590,590,570,351.11K,-1.69
19-Nov-13,590,595,597.5,580,387.96K,-0.84
18-Nov-13,595,586.5,596,586,470.64K,1.45
15-Nov-13,586.5,575.5,590,575,271.97K,2.36
14-Nov-13,573,570.5,575,570,356.93K,0.61
13-Nov-13,569.5,561,569.5,560,489.42K,1.52
12-Nov-13,561,588,588,558.5,703.82K,-2.6
11-Nov-13,576,597,597,571,455.74K,-2.78
8-Nov-13,592.5,578,594,572.5,266.74K,2.51
7-Nov-13,578,590,590,574,675.55K,-1.95
6-Nov-13,589.5,597,597,587.5,376.61K,-1.26
5-Nov-13,597,601,601.5,595,246.63K,-0.42
4-Nov-13,599.5,603,604,595,1.80M,-0.58
31-Oct-13,603,612.5,613,599,896.41K,0.25
30-Oct-13,601.5,601.5,602.5,600,625.09K,0
29-Oct-13,601.5,602,605,600.5,381.93K,0.25
25-Oct-13,600,610,610,597,955.51K,-1.8
24-Oct-13,611,618.5,618.5,609,662.09K,-0.89
23-Oct-13,616.5,614,619,614,513.69K,0.74
22-Oct-13,612,616.5,616.5,612,373.96K,-0.57
21-Oct-13,615.5,624,624,613,564.99K,-1.36
18-Oct-13,624,624,628,621.5,232.84K,0.08
17-Oct-13,623.5,628,628,621.5,260.79K,0.24
16-Oct-13,622,621.5,627,621,169.67K,0.08
14-Oct-13,621.5,620,626,620,64.72K,-0.88
11-Oct-13,627,630,634.5,625,447.35K,1.79
10-Oct-13,616,610,617,608.5,1.29M,0.9
9-Oct-13,610.5,613.5,613.5,610,300.65K,-0.49
8-Oct-13,613.5,614,618,610,326.93K,-0.24
7-Oct-13,615,608.5,618,607,263.22K,1.49
4-Oct-13,606,614,616,600,547.31K,-1.3
3-Oct-13,614,603,622,596.5,211.89K,1.99
2-Oct-13,602,595.5,605,595,902.60K,1.18
1-Oct-13,595,597,602,591,495.19K,-1.57
30-Sep-13,604.5,610,610,604,778.38K,-1.39
27-Sep-13,613,618,618,610,135.82K,-0.33
26-Sep-13,615,615,617.5,610,394.28K,0
25-Sep-13,615,613,621,611,483.17K,0.33
24-Sep-13,613,610,613.5,605,280.10K,0.49
23-Sep-13,610,615,615,601.5,825.34K,-0.97
20-Sep-13,616,619,619,611,582.63K,-0.48
19-Sep-13,619,602,619,602,1.00M,5.63
18-Sep-13,586,581,587,581,343.87K,1.03
17-Sep-13,580,572,580,570,449.21K,1.4
16-Sep-13,572,570,575,560,537.74K,2.51
13-Sep-13,558,563,563,555,361.38K,-0.89
12-Sep-13,563,575,585,562,666.53K,-1.92
11-Sep-13,574,555,574,555,509.26K,3.89
10-Sep-13,552.5,545,554,544.5,542.43K,2.31
9-Sep-13,540,538,543.5,538,704.46K,0.93
6-Sep-13,535,531,542,530,315.49K,0.75
5-Sep-13,531,530,534,512,819.43K,0.19
4-Sep-13,530,544.5,544.5,525,858.00K,-1.12
3-Sep-13,536,540,541,534,580.94K,0.37
2-Sep-13,534,547,547,525,473.01K,-2.02
30-Aug-13,545,540,550,530,916.87K,2.44
29-Aug-13,532,505,537,505,699.79K,6.4
28-Aug-13,500,503,504,485,1.58M,-3.47
27-Aug-13,518,536,540,509,695.34K,-7.17
23-Aug-13,558,550,558,549,683.34K,0
22-Aug-13,558,572,572,550,1.24M,-6.84
16-Aug-13,599,598.5,600,597.5,367.25K,0.08
15-Aug-13,598.5,609,609,593,370.77K,-0.08
14-Aug-13,599,605.5,605.5,597,409.78K,-0.5
13-Aug-13,602,610,614,600,358.22K,0.17
12-Aug-13,601,599.5,603.5,598,214.42K,0.33
8-Aug-13,599,599.5,599.5,590,81.24K,0.67
7-Aug-13,595,600,600,592,158.21K,0.51
6-Aug-13,592,600,600,590,162.00K,-0.67
5-Aug-13,596,600,600,593,351.13K,-0.67
2-Aug-13,600,605,607,600,507.99K,-0.58
1-Aug-13,603.5,607,610,602,731.60K,0
31-Jul-13,603.5,608,617.5,601,537.80K,-0.66
30-Jul-13,607.5,604,615,604,386.14K,0.41
29-Jul-13,605,608,608,599,170.27K,-0.66
26-Jul-13,609,612,613,606.5,352.55K,-0.65
25-Jul-13,613,640,640,606.5,708.58K,-4.22
24-Jul-13,640,631,640,631,526.13K,1.59
23-Jul-13,630,619,631,619,885.11K,1.78
22-Jul-13,619,623,623,619,117.66K,-0.64
19-Jul-13,623,618,623,613,456.65K,1.3
18-Jul-13,615,610,617.5,610,314.80K,0.82
17-Jul-13,610,590,612,589,436.45K,1.16
16-Jul-13,603,610,610,602,192.18K,-0.33
15-Jul-13,605,613,618,599,449.85K,-1.14
12-Jul-13,612,600,615,600,765.29K,4.08
11-Jul-13,588,572,593,572,249.14K,3.7
10-Jul-13,567,570,570,559,158.69K,-0.53
9-Jul-13,570,570,575,570,246.46K,-0.52
8-Jul-13,573,590,590.5,565,392.57K,-4.26
5-Jul-13,598.5,602.5,605,597,279.11K,1.27
4-Jul-13,591,600,600,587,167.48K,-1.34
3-Jul-13,599,600,601.5,594,749.43K,-0.17
2-Jul-13,600,610,613.5,596,466.75K,-1.96
1-Jul-13,612,585.5,626,585,940.32K,5.52
28-Jun-13,580,580,587.5,571,732.62K,3.57
27-Jun-13,560,565,586,560,720.59K,1.82
26-Jun-13,550,539.5,556.5,539.5,711.63K,5.97
25-Jun-13,519,565,575,512,993.70K,-9.19
24-Jun-13,571.5,602,602,570,640.31K,-5.07
21-Jun-13,602,580,605,576,953.53K,0.92
20-Jun-13,596.5,595,598,588,702.87K,-3.01
19-Jun-13,615,615,619.5,601,1.07M,0.65
18-Jun-13,611,595,614,595,433.67K,4
17-Jun-13,587.5,571,588,570,400.81K,2.35
14-Jun-13,574,589,604,574,746.46K,-1.03
13-Jun-13,580,593,595,574,1.46M,-4.76
11-Jun-13,609,640,640,600,865.38K,-4.84
10-Jun-13,640,634.5,645,634.5,289.02K,2.4
7-Jun-13,625,620,633,618,426.38K,1.38
6-Jun-13,616.5,610,630,590,735.99K,1.07
5-Jun-13,610,630,633,610,651.09K,-4.69
4-Jun-13,640,621.5,640,618,385.66K,2.98
3-Jun-13,621.5,620,630,610,937.65K,-1.35
31-May-13,630,644.5,644.5,619,1.21M,-2.33
30-May-13,645,650,660,642.5,1.26M,-3.3
29-May-13,667,654,669.5,654,358.46K,1.06
28-May-13,660,651.5,660,649,627.83K,1.38
27-May-13,651,664,664,649,706.91K,-2.03
24-May-13,664.5,670,670,650,405.64K,-0.82
23-May-13,670,683,683,650,472.59K,-2.62
22-May-13,688,673,688,673,378.72K,1.62
21-May-13,677,678,679,675,332.05K,0.3
20-May-13,675,671.5,678,669,266.67K,0.97
17-May-13,668.5,665,672,662,316.85K,0.38
16-May-13,666,678,680,659,465.10K,-1.77
15-May-13,678,671,682,671,305.23K,-0.29
14-May-13,680,672,680,668.5,588.40K,1.19
10-May-13,672,669,673,669,164.69K,0.3
9-May-13,670,672,672,663,189.08K,-0.3
8-May-13,672,662,675,662,634.53K,1.51
7-May-13,662,670,672,660,410.80K,0.3
6-May-13,660,662,672,658,498.64K,-0.3
3-May-13,662,650,662,649.5,884.07K,3.44
2-May-13,640,643,643,630,423.47K,-0.16
30-Apr-13,641,641,645,639.5,492.57K,0
29-Apr-13,641,647.5,647.5,640,443.56K,0.16
26-Apr-13,640,645,646,635,431.16K,0.95
25-Apr-13,634,625,634,618,545.12K,1.44
24-Apr-13,625,620.5,625,618,542.50K,1.63
23-Apr-13,615,630,632,615,587.38K,-3.91
22-Apr-13,640,608,640,608,756.80K,5.44
19-Apr-13,607,602,610,600,422.43K,1.08
18-Apr-13,600.5,600,603,595,584.24K,0.08
17-Apr-13,600,603.5,603.5,599.5,623.94K,0.76
16-Apr-13,595.5,590,597,585,1.41M,-0.92
15-Apr-13,601,602,608,600.5,636.99K,-0.17
12-Apr-13,602,598.5,604,598.5,653.28K,0.84
11-Apr-13,597,592,606,591.5,732.40K,0.93
10-Apr-13,591.5,580,591.5,580,765.27K,1.98
8-Apr-13,580,585,586,580,360.43K,-0.51
5-Apr-13,583,580,589,573,458.84K,0.34
4-Apr-13,581,587,587,580,314.91K,-0.68
3-Apr-13,585,574,592,574,671.57K,1.92
2-Apr-13,574,579,580,570.5,179.49K,-1.03
1-Apr-13,580,570,586,570,896.51K,2.47
27-Mar-13,566,558.5,582,558,1.30M,1.34
26-Mar-13,558.5,555,562,555,657.48K,0.54
25-Mar-13,555.5,565,565,553,600.79K,0.82
22-Mar-13,551,550,552,547,1.15M,0.18
21-Mar-13,550,555,560,550,600.65K,0
20-Mar-13,550,539.5,567,539.5,625.02K,0.92
19-Mar-13,545,550,550,538,835.16K,-0.91
18-Mar-13,550,560,560,548,1.06M,-1.96
15-Mar-13,561,555,565,555,987.88K,2
14-Mar-13,550,560,561,550,1.67M,-1.61
13-Mar-13,559,560,560,554.5,661.13K,0.72
12-Mar-13,555,563.5,568,550,1.01M,-1.42
11-Mar-13,563,566.5,574.5,561,657.18K,-0.35
8-Mar-13,565,565,575,562,521.12K,0.53
7-Mar-13,562,584,584,558.5,1.92M,-4.1
6-Mar-13,586,575,589.5,570,272.81K,1.56
5-Mar-13,577,556,579,556,496.52K,3.78
4-Mar-13,556,570,570.5,555,1.07M,-2.54
1-Mar-13,570.5,579.5,579.5,570,453.02K,-1.55
28-Feb-13,579.5,581,581,576,1.05M,0
27-Feb-13,579.5,589,589,576,366.45K,-0.77
26-Feb-13,584,587,591,574,656.45K,-1.02
25-Feb-13,590,571,595,571,714.15K,3.33
22-Feb-13,571,568,572,560.5,553.08K,0.53
21-Feb-13,568,579.5,579.5,567,509.39K,-2.07
20-Feb-13,580,580,581,575,403.46K,-0.17
19-Feb-13,581,582,583,579,447.08K,0.69
18-Feb-13,577,579.5,580,576.5,773.65K,-0.52
15-Feb-13,580,567,580,567,420.59K,2.38
14-Feb-13,566.5,565,570,564,686.11K,0.53
13-Feb-13,563.5,563.5,571,561,236.44K,0.45
12-Feb-13,561,562,565,560,367.60K,-0.18
11-Feb-13,562,565,567,560,846.72K,-0.44
8-Feb-13,564.5,566,571,563,605.48K,0.36
7-Feb-13,562.5,567,569,560,797.11K,-0.62
6-Feb-13,566,578,585,566,441.41K,-1.74
5-Feb-13,576,574,581.5,568,477.94K,0.35
4-Feb-13,574,560,579,556,693.24K,4.08
1-Feb-13,551.5,553,564,550,5.30M,-2.9
31-Jan-13,568,555.5,570,550,954.35K,2.25
30-Jan-13,555.5,556,570,555.5,658.55K,0
29-Jan-13,555.5,550,559,550,1.39M,0.91
28-Jan-13,550.5,552,552,548,1.28M,-0.27
25-Jan-13,552,549.5,554.5,546,688.89K,1.85
24-Jan-13,542,535,548,535,1.07M,2.26
23-Jan-13,530,522,535,521.5,642.22K,1.53
22-Jan-13,522,523.5,525,520.5,610.40K,-0.29
21-Jan-13,523.5,529,529,523.5,536.98K,-1.04
18-Jan-13,529,533,538,523.5,880.33K,1.63
17-Jan-13,520.5,525,525.5,520,852.11K,-0.29
16-Jan-13,522,530,534,520,654.22K,-1.51
15-Jan-13,530,540,548,529.5,925.16K,-1.85
14-Jan-13,540,550,550,538,758.86K,-1.82
11-Jan-13,550,547,550,546,1.31M,0.55
10-Jan-13,547,550,550,544,1.64M,-0.55
9-Jan-13,550,545,552,545,848.08K,-0.09
8-Jan-13,550.5,555,557,549.5,491.84K,0.09
7-Jan-13,550,545,552.5,544.5,532.44K,1.1
4-Jan-13,544,537,544.5,536,682.30K,1.87
3-Jan-13,534,532,549,526,745.15K,1.52
2-Jan-13,526,517,526.5,516,332.32K,1.74
28-Dec-12,517,518,518,513,438.66K,1.17
27-Dec-12,511,530,530,509.5,198.03K,-2.67
26-Dec-12,525,530,530.5,525,396.67K,-0.38
21-Dec-12,527,520,532,520,611.63K,-0.57
20-Dec-12,530,510,530,510,544.84K,3.92
19-Dec-12,510,501,515,501,331.47K,2
18-Dec-12,500,495,505,489,850.43K,1.01
17-Dec-12,495,493,498,492,1.09M,0.41
14-Dec-12,493,501.5,501.5,490.4,465.69K,-1.4
13-Dec-12,500,519.5,520,496,1.42M,-1.96
12-Dec-12,510,527,531,510,804.91K,-3.23
11-Dec-12,527,518,539,514,746.48K,1.74
10-Dec-12,518,520,520,511.5,341.72K,-0.38
7-Dec-12,520,509,520,508,664.88K,1.96
6-Dec-12,510,499,514,499,679.75K,2.16
5-Dec-12,499.2,500,501,498.8,340.15K,0.24
4-Dec-12,498,496,505,492,550.39K,0.4
3-Dec-12,496,481.2,500,481,844.84K,3.08
29-Nov-12,481.2,487,487,479,1.15M,-1.19
28-Nov-12,487,481,488,481,430.48K,1.46
27-Nov-12,480,487,488,480,339.79K,-0.83
26-Nov-12,484,486.6,486.6,483.8,871.95K,-0.53
23-Nov-12,486.6,480,487,480,548.08K,1.38
22-Nov-12,480,488,488,476,471.17K,-1.6
21-Nov-12,487.8,465,487.8,465,981.60K,4.9
20-Nov-12,465,460,467.8,456,597.26K,2.2
19-Nov-12,455,452,463,449.8,708.88K,1.16
16-Nov-12,449.8,445.2,452,445.2,891.36K,1.03
15-Nov-12,445.2,446,448,444.8,748.70K,0.27
14-Nov-12,444,448,448,443,523.20K,0.23
13-Nov-12,443,450,450,443,829.42K,-1.56
12-Nov-12,450,448.2,452,448.2,902.35K,0.45
9-Nov-12,448,449.4,449.4,447.6,779.11K,-0.36
8-Nov-12,449.6,447,449.6,443.4,679.70K,0
7-Nov-12,449.6,450,450,447.4,1.05M,0
6-Nov-12,449.6,445,450,444.8,874.24K,1.03
5-Nov-12,445,443,449.8,442.8,1.13M,0.45
31-Oct-12,443,441,443,438.8,721.23K,0.23
30-Oct-12,442,440,442.6,439,771.85K,0.45
29-Oct-12,440,439,443,438.2,214.65K,0.23
25-Oct-12,439,434,440,432,392.26K,1.39
24-Oct-12,433,432,433,426,833.29K,-0.14
23-Oct-12,433.6,429,434,428,228.26K,1.31
22-Oct-12,428,427.8,428,420,280.24K,0.05
19-Oct-12,427.8,426.8,430,425,441.87K,0.23
18-Oct-12,426.8,426,426.8,422.8,332.56K,0.99
17-Oct-12,422.6,419,424.6,418,425.31K,1.25
16-Oct-12,417.4,420,420.4,417.2,932.46K,0.05
15-Oct-12,417.2,425,425,416.8,1.06M,-1.84
12-Oct-12,425,425,435,424.6,571.26K,-0.19
11-Oct-12,425.8,430,430,424.8,427.67K,-0.98
10-Oct-12,430,436,436,430,812.54K,-1.38
9-Oct-12,436,440.4,441.2,435,253.04K,-1
8-Oct-12,440.4,450,450,438.4,425.82K,-1.03
5-Oct-12,445,440.2,450,440.2,712.18K,1.09
4-Oct-12,440.2,423.2,442,423.2,1.53M,3.63
3-Oct-12,424.8,419.6,429,419.6,600.89K,1.14
2-Oct-12,420,418,423,416,1.07M,0.24
1-Oct-12,419,427,430,418,786.13K,-1.69
28-Sep-12,426.2,430,431,425.2,495.71K,-0.65
27-Sep-12,429,430,430.2,427,239.42K,-0.42
26-Sep-12,430.8,434.6,435,428,272.52K,-0.97
25-Sep-12,435,435.6,435.6,432,287.36K,-0.18
24-Sep-12,435.8,434,437.6,434,286.22K,0.41
21-Sep-12,434,435,437.6,426.6,237.82K,-0.23
20-Sep-12,435,439,439,433,259.32K,-0.91
19-Sep-12,439,432,441,430.2,319.61K,1.86
18-Sep-12,431,436.6,436.6,430,500.05K,-1.33
17-Sep-12,436.8,436.6,442,435,631.65K,0.05
14-Sep-12,436.6,429.4,439.8,429,743.57K,2.25
13-Sep-12,427,424,427.8,422,524.45K,0.95
12-Sep-12,423,420.8,425,418.8,544.65K,0.48
11-Sep-12,421,418,421,416,237.23K,1.69
10-Sep-12,414,422.6,422.6,413,365.83K,-1.66
7-Sep-12,421,420,422,416,664.31K,1.2
6-Sep-12,416,417,418,415,514.03K,-0.38
5-Sep-12,417.6,416,417.6,414.4,345.34K,0.38
4-Sep-12,416,422,422,415.8,353.10K,0.24
3-Sep-12,415,412,416.4,411.8,301.02K,0.97
31-Aug-12,411,418,420,409,625.65K,-1.58
30-Aug-12,417.6,422,422,417.6,404.69K,-1.09
29-Aug-12,422.2,425,425,421.6,423.89K,-0.42
28-Aug-12,424,420,426,420,565.92K,0.71
24-Aug-12,421,425,425,420.6,539.16K,-2.09
23-Aug-12,430,425,432,425,267.95K,1.46
22-Aug-12,423.8,425,425,422,554.30K,-0.33
17-Aug-12,425.2,421.2,427,421,609.48K,0.95
16-Aug-12,421.2,426,428,419.8,1.03M,-0.89
15-Aug-12,425,433.4,433.6,425,754.65K,-1.85
14-Aug-12,433,435,435,433,418.56K,0
13-Aug-12,433,430,436,430,360.87K,0.7
10-Aug-12,430,428,432,425,481.70K,1.18
9-Aug-12,425,432.4,433,418,1.14M,-1.71
8-Aug-12,432.4,430,437,430,872.69K,-1.41
6-Aug-12,438.6,431,440.6,431,387.54K,2
3-Aug-12,430,425.2,431,425,345.98K,0.94
2-Aug-12,426,427,429,425,478.20K,0.24
1-Aug-12,425,435.2,435.2,421,925.01K,-2.34
31-Jul-12,435.2,432.8,436,430,657.36K,0.55
30-Jul-12,432.8,421.2,432.8,421.2,617.02K,4.04
27-Jul-12,416,415.6,423,415.6,2.05M,0.82
26-Jul-12,412.6,411,414,411,826.24K,0.39
25-Jul-12,411,416.6,416.6,410.2,851.92K,-0.96
24-Jul-12,415,410,421,405,1.20M,1.17
23-Jul-12,410.2,430,430,408.8,1.34M,-4.56
20-Jul-12,429.8,430,434.8,429.6,879.62K,-0.09
19-Jul-12,430.2,435.6,437.2,430,695.10K,-1.1
18-Jul-12,435,445,445,433.8,2.43M,-5.02
17-Jul-12,458,463,463,453,1.42M,-1.17
