Price	Open	High	Low
74.85	75	75	74
75	74.8	75.45	74.15
74.8	75.75	75.75	74.4
74.8	75.5	75.75	74.7
75.5	75.5	75.7	75.45
75.4	74.6	75.5	74.6
75.2	73.65	75.2	73.65
73.5	73.8	75.3	73.4
73.45	75.3	75.5	73.45
75.2	75.2	75.3	74.35
75.2	74.95	75.2	74.25
75	74	75	73.35
73.3	73.4	74.05	73.3
73.3	74.8	74.8	73.3
74.5	74.2	74.5	73.3
74.2	73.4	74.2	73.4
74	73.3	74	73.25
73.9	73.6	73.9	73.35
73.95	73.5	73.95	73.25
73.5	73.8	74	73.35
73.5	73.95	74	73.25
73.95	73.95	74.45	73.1
74	73.6	74	72.75
73.5	73	73.9	72.8
73	73.5	73.8	72.8
72.9	73.9	73.9	72.85
72.75	74	74	72.75
73.55	74	74.1	73.5
74	74	74	73.55
74	73.85	74.15	73.5
74.2	74.45	74.45	73.7
74.45	74.3	74.45	73.2
74.3	73.2	74.3	73.15
74	73.65	74.25	73.25
74.05	74.25	74.25	73.55
74.25	73.55	74.25	73.1
73.15	74	74	73.1
73.3	73.1	73.45	73.1
73.2	74.3	74.3	73.05
74	73.75	74.45	73.3
73.75	73.95	74.2	73.25
73.4	74.3	74.3	73.35
73.7	74.2	74.2	73.15
73	74.5	74.9	72.55
74.95	73.5	74.95	73.5
74.05	74.1	74.25	73.4
72.55	75.5	75.5	72.5
74.85	74.9	75.1	74.8
74.95	72.65	74.95	72.5
72.5	72.5	74.3	72.25
72.5	75	75.5	72.5
75.25	75.4	75.4	74.15
75.95	75	75.95	73.5
74.8	75.6	75.6	73.1
75.6	75	75.75	74.8
74.6	74	74.9	73.3
74	74.3	75.05	73.25
74.3	75.7	75.7	74.3
75.7	74	75.7	72.65
72.7	75.5	75.75	72.7
74.9	76	76	74.9
75.7	74.9	75.9	74.9
75.4	75.75	75.75	75.05
75	75.75	75.75	74.6
75.7	75.2	75.8	75.15
75.1	74.35	75.5	74.3
74.35	74.35	75	74.2
75	75.45	75.45	74.95
75.35	75.85	75.85	75.3
75.85	75.85	75.9	75.8
75.9	75.9	75.9	75.2
75.85	75.9	75.9	75.1
75.9	76.15	76.15	75.1
76.15	75.7	76.15	74.45
75.7	75.8	75.8	75.4
75.8	75.8	75.9	75.2
75.8	75.6	76	75
75.85	75.85	75.85	74.2
75	75	75.5	74.9
75.8	75	75.8	74.2
75	75	75.75	73.55
75	74.7	75.25	73.65
73.55	75.8	75.85	73.55
75.8	75.9	75.95	75.05
75.9	75.8	75.9	75.05
75.9	75.3	75.9	75.3
75.3	72.75	75.4	72.75
72.75	73.9	75	71.65
73.9	75.95	76	73.9
75.95	76	76.25	75.1
75.95	76.2	77	75.8
75.8	75.75	76	75.55
76	76.25	76.25	75.7
76.05	75.6	76.1	75.6
76	76	76.3	75.65
76	76	76	75.65
75.95	76	76	75.9
76	76.2	76.25	75.6
76.2	76	76.45	75.6
76.05	76	77.25	76
76	76.8	76.8	75.75
75.8	76.05	76.05	75
76.05	76.1	76.1	75
76.1	75.9	76.6	74.55
75.95	76.4	76.4	75.45
75.7	76	76	75.4
76.05	75.35	76.25	74.8
76.3	75.5	77	75.35
75.5	76.4	76.9	75.5
76.5	76.9	77	76.2
76.9	75.5	76.9	75.45
75.5	76.75	77.5	75.4
76.75	76.6	77	75.85
76.65	77.6	77.6	75.6
76.65	77.5	77.9	75.1
76.8	76.9	77.5	75.9
76.9	77.65	77.9	75.35
77.65	75.95	77.95	75.95
75.35	75.5	76.1	75
75.35	76.5	76.5	75.25
75.3	75.6	75.6	75
75.6	76	76	75.5
76.2	76.5	76.65	74.7
76.3	75.4	76.4	75.35
75.5	75.1	75.7	75.05
75.3	75.35	75.35	74.5
75.3	75.4	75.4	74.75
74.5	74.7	75.1	74
74.7	74.5	75	73.7
74.7	75.45	75.5	73.55
74.7	75.9	75.9	74.55
74.55	74.5	75	74.4
74.45	75.1	75.1	73.6
75.3	75.1	75.95	75.1
75.15	75.3	75.9	75
75.3	75.7	75.9	74.7
75.15	75.3	75.75	75
75.3	75.7	75.7	74.45
75	75.7	75.7	74.2
75	74.5	75.85	74.25
74.5	74.15	74.5	73.9
74.3	73.8	74.4	73.2
72.9	74.85	75.2	72.9
74.45	74	74.45	73.15
74	72.75	74	72.75
73.9	73.3	74	73.25
73.3	74	74	73.1
73.85	73.1	73.85	72.9
73.1	73.8	73.8	73
73.2	73.45	74.2	73.2
73.9	73.5	73.9	73
73.5	73	73.5	72.3
73	72.9	73	72.2
72.25	72.4	73	72
72.9	73.15	73.35	72.5
73.45	73.4	73.45	72.3
73	73.15	73.15	73
73.15	73.7	73.7	72.8
73.5	74	74	72.3
73.8	73.2	73.8	73.2
73.8	72.95	73.8	72.75
72.8	72.8	73.1	72.75
73	73.15	73.6	72.45
73.8	73.05	73.8	73
73	73.25	73.85	72.95
73.2	74	74	72.75
74	73.9	74	72.6
72.65	74	74	72
74	74	74.1	73.7
74	74.1	74.2	73.65
74.1	74.5	74.5	74
74.5	74	74.5	73.7
73.7	73.5	74.2	73.15
74.05	74.3	74.3	73.2
74	74.8	74.8	73.05
74.3	74.3	74.75	74
74.3	74.8	75	73.85
74.8	75	75.65	74.8
75	75	75.65	74.9
74.9	74.95	74.95	74.75
74.95	75	75	74.9
75	74.9	75	74.8
74.9	74.9	74.95	74.5
74.8	74.8	74.8	74.6
74.7	74.3	74.85	74.3
74.3	74.5	74.85	74.2
74.7	74.5	74.95	74.5
74.8	74.85	74.85	74.75
74.85	75	75	74.75
74.9	74.95	74.95	74.75
75	74.95	75	74.85
74.95	74.8	75.25	74.5
74.8	72.6	74.9	72.6
72.5	71.85	74.9	71.85
71.25	70.5	71.9	68.6
70.55	70.7	70.7	68.5
70.8	70.9	71.25	70
70.9	68.5	71	67.85
67.6	67.9	68	66.75
66.95	66.5	67.15	66.5
68	70.3	70.3	66.55
70.15	70.5	70.75	70
70.7	72.05	72.1	70
72.6	74	74	72.5
74	73.1	74	72.15
73.1	74.75	74.75	73
73.75	73.8	74.2	72.15
73.95	74.8	74.8	73.65
74	74	74.3	72.6
74.3	75	75	73.3
74	74.9	74.9	72.9
74.9	72	74.9	72
72	72	72.6	71.55
72	73	73.2	71.55
73	73.25	73.6	70.35
73.3	75	75	73.3
73.25	73	75	73
74	74.5	74.9	72.7
75	73.4	75	72.9
73.4	73	73.95	73
74	73.25	74.5	72.7
73.25	74.8	74.8	73
75.25	76	76	75
75	74.85	75.5	74
73.55	72.7	75	72.7
73.25	73.6	73.65	72.65
73.6	72.15	73.95	72.15
72.2	72.1	72.55	71.7
72.55	74.65	75.85	72.1
75.85	75.3	76.05	75.3
75.85	77	77	75.1
77	76.45	77	74.1
75.1	74.6	76.75	74.6
76.9	74.45	76.9	74.1
74.6	75.1	75.8	74.1
75.8	76.7	76.7	75.1
78	76.5	78	75
76.7	76.55	77.5	75.5
76.4	77.25	78	76
77.25	78.5	78.5	76.7
78.5	76.3	78.5	76.3
78.1	79.2	79.25	77
79.2	79.5	79.5	78.05
80	78.9	80	78.9
79	75.25	79	74.5
75.55	75.05	77	74.5
76.5	75.2	76.5	74.95
75.25	75.5	75.75	74.5
75.75	76.1	76.1	75.1
76.1	77	77.1	75.2
76.8	77	77	76
77	75.65	77.4	75.65
77.2	76.5	77.7	76.5
76.8	78	78	76.5
77.6	75	77.8	74.8
75.2	76	76	75
75.75	76.8	76.8	74.8
76.9	77.3	77.3	76.55
77.1	77.5	78.25	76.5
78.8	76.9	78.8	74.5
77	78	78	76.05
78	79.2	79.25	76.8
79.2	78.4	79.6	76.15
78.4	75.8	78.4	75.6
76.3	77	77.3	75.6
76	75.1	76	74.9
75.1	77.45	77.45	75
78	75	78	72.5
74.6	74.55	74.6	72
74.6	73	74.6	72
73.6	73.5	74	73.4
73.1	72.65	73.5	72.25
72.85	73.8	74.9	72.7
73.4	74	74	73.4
73.6	73	74.5	73
74.8	74.5	75.5	74.5
74.5	74	74.9	72.5
75	75.1	75.5	73
75.1	76.85	76.85	74
75.3	75.5	75.5	74.25
75.5	76	76.5	75.25
75.3	75.6	75.8	75
75.8	75.75	75.9	75.4
75.75	76	76.5	75.05
75.65	75.65	76.5	75.5
75	75	75.75	74.7
75.1	75.95	77.1	74.9
75	75.3	76	74.45
74.8	75.1	75.1	74.7
75	75.9	76	74.75
75.1	75.95	75.95	74.7
74.95	74.95	75.15	74.7
75.15	76	76	75
75.2	76.35	76.35	74.85
75.45	75.5	76.35	75
75.5	74.95	76.3	74.95
74.95	78	78	74.35
79.8	77.9	79.8	76
77.9	79.55	79.55	77.4
78	79	80	77.2
78	81.45	81.45	77.4
80.15	80.2	81.8	79.8
80.2	82.55	82.55	78.5
82.5	82.55	83	82.4
82.5	83	83	82
83	84.3	84.3	83
84.4	83.3	84.4	83.3
83.2	81.2	83.2	81.2
80.5	80	80.5	79.3
80	79	80	78.8
78.85	78.85	78.85	77.7
78.8	79	79	78.6
79	79.4	79.4	78.5
79.2	79.8	79.8	78.5
78	78.05	79	78
78	77.25	78.8	77.25
76.5	80.2	80.2	76
79.1	79.45	80	78.8
79	77.95	80.3	77.95
77.95	77.95	80.9	77.95
77.95	75.8	77.95	75.4
74.05	76.2	76.2	74.05
75	74.25	75	73.7
74.35	76	76.2	74.35
75.4	75.6	75.6	75.3
75.6	74.35	76	74.35
75.1	73.9	75.4	73.5
73.5	74	74	73.05
73.7	73.5	73.7	73.4
73	72.9	73	72.9
72.9	72.9	73	72.75
72.9	74.95	74.95	72.1
75	74.5	75	72.7
74.85	75.4	75.4	74.5
75.4	77.65	77.75	74.3
77.65	78.05	78.05	77.6
78.05	78.2	78.2	77.9
78	77.95	78.5	77.9
77.9	76.45	78.15	76.45
76.45	77.85	78.25	75
77.85	78.7	78.7	75
79	78	79	75.85
78	75.9	78	75.9
75.9	75.75	75.9	75.65
75.5	74.5	75.7	74.05
74.8	73.8	75.45	73.5
73.5	73	73.9	73
73	73	73.4	72
72	71.2	73.5	71.15
71.05	70.8	71.25	70.7
70.9	71	71.2	70.7
70.7	70.4	71.65	70.4
70.35	68	70.45	68
70.8	70.75	71.7	70.75
70.5	71.4	71.4	70.5
70	68	71.5	67.8
67.5	64	67.5	63.1
64.3	63.65	65	63.65
64.3	64.5	66	63.5
66.3	65.5	66.3	64
65.5	65.5	66.15	65.3
66	65.6	66.4	65.25
66.4	67	67	66.1
67	66.8	67	66.6
66.8	65	66.8	64.4
65.9	66.5	66.5	65.5
66.5	65.05	66.5	64.75
65	63.95	65	63.95
64	63.9	64.15	63.6
63.95	63.7	64	63.5
63.7	64	64	63.4
64	64.4	64.5	63.5
64.5	64.1	64.5	64.1
64.55	63.4	64.6	63.4
64.45	64.4	64.5	63.9
64.5	64.5	64.5	64.45
64.5	64.4	64.5	64.05
64.7	64.45	64.7	64.35
64.45	64.45	64.45	64
64	64	64.2	63.4
64	64.35	64.5	63.35
64.5	64.95	64.95	64.3
64.95	65	65	63.75
65	64.75	65	64.4
64.55	65.3	65.3	64.3
64.05	65	65	63.95
65	63.05	65	63.05
63.05	62.75	63.3	62
63.8	64.3	64.6	61.1
64.25	64	64.65	64
63.4	61.9	63.5	60.8
61.5	60.8	61.5	60.8
60	61	62	60
60.7	61.8	61.8	60.7
60.15	61.55	63.55	60.15
61	60.3	61.1	60.3
60.3	60.3	61.1	60.05
60.2	60.15	60.3	60.05
60.1	60.15	60.3	59.85
60.15	60.15	60.15	59.7
59.95	61	61.2	59.9
60.2	59.05	61	59.05
59	58.1	59	57.45
58.1	57	58.1	56.9
57	57.8	57.85	56.9
57.8	57.55	58	57.45
58	57.85	58.05	57.55
57.95	58	58.25	57.5
57.45	57.7	57.8	57.4
57.3	57.95	58.35	57
57.9	57.85	57.95	57.8
57.85	57.95	57.95	57.75
57.85	57.9	57.95	57.8
57.9	57.2	57.95	57.2
57.9	57.6	57.95	57.6
57.9	57.35	57.9	57.35
57.35	56.15	57.45	56.1
57.8	56.5	57.8	56.5
57.7	56.7	57.95	56.7
57.25	56.2	57.25	56.2
56.2	58	58	55.9
56.8	56.2	57	56.2
58	58.65	58.65	55.05
58.5	57	58.65	56.95
57	57	57	56.25
57.3	54.5	57.3	54.5
54.5	54.4	56.1	54.4
56.95	54.7	56.95	54.35
54.4	54.25	54.5	53.95
54.4	54.2	55	54.2
55.45	55.8	56	55
55.15	55.4	55.4	55.05
55.4	55.05	55.8	55.05
56.5	56.45	56.6	56.35
56.45	55	56.6	55
56.1	55.45	57.1	54.95
55	55	55.65	55
54.5	55.25	55.55	54.05
56.3	56	56.7	55.1
56	57.85	57.85	56
57.9	57.85	58	57.8
57.75	57.95	57.95	57.2
57.2	58	58	57.2
57.95	57.85	57.95	57.75
57.8	57.85	57.9	57.6
57.9	58	58	57.8
57.95	57.3	58	56.9
56.5	56.85	57.25	56.5
56.85	56	57.25	56
56.95	56.3	57	56.25
56.1	56.3	56.3	55.35
55.9	56.25	56.25	55.25
56.3	54.9	56.35	52.5
54.9	57	57.15	54.9
57.6	56.7	57.6	56.35
56.7	56.95	57.5	56.3
56.95	57.1	57.25	56.3
57.1	56.75	57.4	56.7
57.35	56.2	57.55	56.2
57.7	57.85	57.85	57.25
57.55	57.85	58	56.5
57.85	57.45	58	57.4
56.6	57.05	58.3	56.6
57.75	57.9	57.9	57.2
57.85	57.75	57.9	56.95
56.1	57.85	57.85	56.1
57.85	57.85	57.85	57
57.85	57.05	57.85	55.7
55.7	55.25	57.2	55.25
55.2	56	56.2	52.9
57	56.75	57.3	55.9
56.8	56.6	56.85	56
56.6	56.05	56.6	56
56.5	56.9	56.9	56
56.8	57	57	55.9
56.15	56.15	56.55	56.15
56.15	56.5	56.75	56.15
56.5	57.35	57.35	56.3
57.35	57.1	57.7	57.1
57.05	57.6	57.6	56.95
56	56	57.2	56
58	57	58	56.35
57.3	57	57.8	56.7
57	57.1	57.95	56.55
57.1	58.2	58.2	57.1
57.75	57.5	58.2	57.5
57.4	57.8	57.8	57
57.7	56.6	57.8	56.6
57.5	57.8	57.85	56
57.8	57	58	57
57	57.95	58	56.5
57.4	56.2	57.5	55.9
55.9	56.05	56.7	55.7
56.05	57.9	57.9	56.05
57.5	58.2	58.4	57.35
57.5	58.1	58.1	57.2
57.8	57.75	58	57.7
57.5	58.1	58.1	56.6
58.1	57.95	58.1	57.95
57.25	56.9	57.9	56.9
56.85	57	57.5	56.5
56.6	57.8	57.85	56.6
57.7	57.8	57.9	57.65
57.6	57	57.9	56.6
57.55	57.9	58.2	56.55
57.9	58.2	58.2	56.7
58.2	58.45	58.45	56.5
58	58.2	58.2	57.5
57.95	58	58	57.3
57.45	58.5	58.5	57.45
58.2	57.6	58.4	57.6
58	58.45	58.45	58
57.55	58	58.1	57.1
58	57.95	58	56.5
57.95	58.1	58.1	56.05
58	56.05	58	56
57.25	57.6	57.8	57
57.65	58.35	58.5	57.15
57.9	56.1	58.45	56.1
57.9	55.3	57.9	55.3
57.55	55.7	57.55	55.6
55.7	55	55.7	53
54.8	54.5	55	54
55.1	54	55.1	53.65
53.5	53.1	53.9	53.1
52.8	51.95	52.9	51.5
51.95	52	52.1	50.05
53.65	56.8	56.8	53
57.5	57.55	57.55	57.05
57.5	57.1	57.65	57
57.5	57.5	57.5	57.15
57.5	57.25	57.5	57
57.5	57.25	57.5	57.2
57.55	57.4	57.6	57.4
57.45	57.5	57.6	57.45
57.7	57.55	57.95	57.5
58.05	57.5	58.5	57.5
58	58	58.5	57.6
57.7	58.8	58.8	57.7
58.8	58.9	58.9	58.7
58.75	58.3	58.75	58.3
58.3	59	59	57.2
58.5	59	59	57.95
58.9	58.95	59	58.6
58.6	57.8	59	57.8
57.8	57.2	58	56.1
57.45	57.8	57.85	57.2
57.75	59	59.05	57.75
59	58.5	59	58.05
58.65	58.65	58.65	57.9
58.6	58	58.6	57.2
58	57.45	58.5	57
58.5	57.8	58.5	57.65
57.3	57.4	57.5	57
57.1	57.5	57.75	57.05
57.5	57	57.9	57
57.25	56.3	57.45	56.3
57.95	57.1	57.95	56.8
57.1	57.05	57.2	57
57.3	57.95	57.95	57.05
58	57.45	58	57
57	57	57.2	57
57	57.1	57.1	56.4
57.55	56.85	57.6	56.8
58.05	56.65	58.2	56.6
57.9	57.9	58	57
57.9	57.9	58	57.85
56.8	58.25	58.25	56.8
58.3	57.1	58.3	56.65
57	57.3	57.5	56.65
57.3	56.9	57.3	56.55
56.55	56.05	57.3	56.05
57	57	57	56.2
56.3	56.1	56.35	56.05
56.1	56	56.35	55.55
56.2	57.2	57.2	56
56.8	55.5	56.8	55.25
55.4	54	55.4	54
54.5	54.5	55.3	53
54.7	55.6	55.6	54.5
55.6	55.55	55.9	55.5
55.8	56.5	56.5	55.5
56.5	56	57	56
57.05	56.3	57.2	55.95
57.35	57.4	57.5	55.6
56	56.4	57.8	56
56.95	57	57	55.6
57	57	57.5	56.5
57.2	57.4	57.5	57
57.4	57.45	57.45	57.2
57.45	57.4	57.45	56.8
57	57.45	57.45	56.55
56.5	57.35	58.2	56.3
57.6	57.8	57.95	57.5
57.5	57.6	57.7	57.5
57.65	57.9	57.9	57.2
57.25	56.9	57.95	56.2
57.95	56.75	58	56.75
57.75	57.45	58	56.5
57.9	57.65	57.9	57.55
57.65	57.3	57.9	57.3
56.8	56.8	58	55.6
57.5	57.5	57.5	57
57.5	57.6	57.6	57.3
57	57	57	56
56.65	57.2	57.7	54.5
57.2	58.05	58.05	57
58.05	58.3	58.3	58
58	58.4	58.4	57.8
58	57.85	58.35	57.6
57.95	57.8	58	57.3
57.85	57.8	57.85	55.25
57.85	57.9	58	57
57	58.5	58.5	56.1
58.5	56.7	58.5	56.7
56.7	57.45	57.45	55.1
58	57.95	58	57
58	57.55	58	57.55
58.1	58.1	58.2	57.8
58.1	57.1	58.85	57.1
57.8	58	58.15	57.5
58	58.3	58.8	57.95
58.05	56.85	58.05	56.85
57.5	58.2	58.45	56.85
58	57.5	58.15	57.5
57.1	57.5	59.2	57.1
57.05	57.05	57.3	56.55
57	56.9	57	55.6
56.9	56.95	56.95	55.05
56.95	56.4	56.95	55.55
56.4	56.95	56.95	55.55
55.75	55.9	56.35	55.5
56	56.95	56.95	56
57.1	57.65	58	57
57.7	57.4	58.4	57
57.4	57	58.5	56.8
57	57.9	58.2	56.1
58.3	58.8	58.8	57.8
58.6	58.6	58.6	57.5
58.6	58.5	59	58
58.5	59	59	58
59	58.1	59	58
58.1	58	58.2	57.3
58	57.1	58.5	57.1
57	58.2	58.2	57
58	56.85	58	56.8
56.85	57.95	58.05	56
58	57.05	58	57
58	57.95	58	57.7
57.95	57.8	58	57.7
57.5	57.8	57.8	57
57.9	56.8	57.9	56.1
56.8	57.35	57.4	56.8
57.35	57.65	57.65	57.05
57.1	57.6	57.6	57
57.8	58	58	57.1
57.9	57.9	57.9	57.05
57.9	58	58	56.4
57.9	57	58	57
57.1	58	58	56.8
58	58	58.05	57.5
57.5	58	58	56.5
58	57.9	58	57.6
57.55	57.9	57.9	56
57.8	56.6	58.5	56.6
56.6	56.7	56.85	56.45
56.85	56.75	57.9	56.5
56.55	56.2	56.7	56.2
56	55.75	56.35	55.75
55.75	55.45	55.75	55.35
55.45	55.1	55.5	55.1
55	55	55.2	54.85
55	55	55.2	54.9
54.4	54.4	54.6	54
54.4	54.65	54.95	53.8
54.95	54.4	55	54.4
54.4	54.3	54.45	54.2
54.2	54.2	54.2	53.2
54.2	54.15	54.25	54.15
54	53.05	54.1	53.05
53.55	53	53.7	52.65
53.75	53.65	53.75	52.4
53.65	53.7	53.7	53.45
52.7	52.4	53.85	52.4
52.2	52.2	52.4	52
51.7	51.7	52.45	51.7
52.05	51.5	53.1	51
51.5	49.2	51.5	48.1
48.9	51.3	51.35	48.9
51.3	51.45	52.4	51.3
53	51.5	53	51
52.8	51.5	52.8	51.5
51.65	51.5	52.5	51.25
52.9	51.5	52.95	51.5
52.05	52.5	52.8	51.7
51.7	52.25	52.45	51.4
52	53.8	53.8	52
53.8	53.7	53.9	53.35
53.7	53.2	53.8	52.05
53	52	53.05	51.8
52.5	52.35	52.5	51.55
52.45	51.8	53	51.8
52.55	52.5	52.75	52.4
52.5	53.1	53.1	52.5
53.05	53.2	53.2	53
53.2	52.5	53.2	52.4
52.7	52.8	52.8	52.2
52.25	52.7	52.75	52
52.7	51	52.7	51
51.6	51.9	51.9	50.7
51	51.9	52	51
51.9	52	52.3	51.8
52	51.5	52	51.3
51.8	50.6	51.95	50.6
50.55	52.5	52.5	50.55
52	52.05	52.5	52
52.05	52.1	52.1	51.95
52.1	52.2	52.2	52
52	53.35	53.35	52
52.75	52.95	53.3	52.4
52	52.4	52.4	51.8
52.5	50.8	52.5	50.8
50.85	49.85	50.95	49.85
50.35	50.5	51	49.5
50.5	49.6	50.5	49.5
49.6	50.15	50.9	49.5
50.15	50.95	50.95	49.8
51.2	49.65	51.2	49.65
49.5	49.5	49.7	49.05
49.5	51	51	49.5
49.45	51.65	51.65	49.45
51	49.3	51.5	49.3
49.05	49.75	50	49.05
49.5	50.4	50.6	49.5
50.6	52.2	53.3	50.6
53.2	53	53.2	52.3
53	53.1	53.1	53
52.9	53.1	53.2	52.6
53.5	53.15	53.7	53.15
53.15	52.2	53.45	52.2
52.95	52.75	52.95	52.4
53.8	53.9	54.8	52.9
53.9	54.15	54.95	53.9
55	54.5	55	54
54.5	55	55.8	54.4
55	55.9	55.95	55
55.1	55	55.55	55
55.15	55.1	55.6	55.1
55.6	55.7	55.7	55.1
55.7	55.5	55.7	55.5
55.3	55.8	56.8	55.3
55.5	55.75	55.75	55.25
55.55	56	56	55.3
55.55	55.75	55.75	55.5
55.5	56	56	55.5
55.5	55.5	55.7	55.3
55.6	55.45	55.75	55.3
55.45	56.05	56.05	55.35
55.5	55.8	55.8	55.25
55.8	56.2	56.2	55.65
55.95	56	56.2	55.25
55.9	55.1	56.2	55.1
55	54.9	56	54.75
54.75	56	56	54.55
56	56	56.8	55.95
56.4	55.9	56.4	55.9
55.9	56.4	56.4	55.3
56.4	56.25	56.4	55.65
55.9	56.25	56.25	55.75
55.7	55.5	56	55.5
56	55.95	56.8	55.95
55.85	56.3	56.3	55.4
56.3	56.75	56.75	55.3
56.4	56.55	56.8	55.7
56.7	56.55	56.8	56.55
56.8	56.35	56.85	56.35
56.35	56.5	56.8	55.65
56.5	55.9	56.9	55.9
55.95	55.95	56.15	55.5
56.15	56.2	56.25	55.95
56.2	55	56.45	55
55.95	55.6	55.95	54.15
55.15	55.9	56	54.55
55.95	55.9	56	54.8
55.9	55.5	56	55.5
55.95	55.9	56	55.6
55.9	55.95	56	55.9
55.95	56	56	55.9
56	55.95	56	54.6
55.8	56	56	55.5
55.75	55.85	56	55.65
55.9	54.7	55.9	54.7
54.7	55.95	55.95	54.4
55.5	55.5	55.9	54.7
55.5	55.05	55.5	55
55.05	55	55.7	54.75
54.5	56	56	54.5
55.75	56.15	56.85	55.75
56.8	56.9	56.9	56.8
56.9	56.3	56.95	56.3
56.9	56.6	56.9	56.6
56.5	56.45	56.5	56
56.45	55.95	56.45	55.75
56	56.05	56.05	55.5
56.05	56.4	56.4	55.2
56.4	55.95	56.4	55.85
55.55	55.5	55.95	55.5
55.5	55.2	55.95	55.2
55.15	56.6	56.6	54.7
56.4	55.55	56.9	54.5
55.8	56	56	54.1
56	54.8	56	54.6
54.8	54.95	55	53.9
54.95	56.8	56.8	54.8
55.85	56	56.9	55.5
56.7	56.4	57	55
56.15	55.9	56.3	54.8
55.9	55.2	56	55.15
55.2	55.2	56	54.9
55.2	55.5	55.5	54.5
55.2	56.65	56.65	55.2
56.2	55.4	56.2	55.2
55.2	55.2	55.2	54.5
54.2	55.8	55.85	54.2
56.5	56.8	56.8	56
56.8	57	57	56.05
57	56.65	57	56.2
56.65	56.7	57	56.3
56.7	57	57	56.3
56.95	56.1	56.95	56.1
56.1	57	57	56.05
57	57.05	57.05	56.95
57	57	57.2	56.1
57	57	58.2	56.2
57	56.9	57	56.6
56.9	56.95	57.05	56.6
56.75	56.9	57	56.5
56.5	56.5	56.6	56.1
56.5	56.4	56.7	56.4
56.05	56.45	56.5	56.05
56.55	56.55	56.6	56.15
56.55	56.55	56.7	56.5
56.55	56.6	56.6	56.55
56.6	56.6	56.6	56.5
56.6	56.6	56.65	56.5
56.6	56.3	56.8	56.3
56.3	57.1	57.1	56.3
57.1	58.5	59	57.1
59	58.3	59.05	58.05
58.3	58.95	59.15	58.1
58.2	58.05	59.05	58.05
58.05	58.1	58.45	57.9
57.9	58	58.2	57.85
58.05	57.95	58.3	57.5
57.5	57.45	57.55	57.2
57.35	57.5	57.55	57.1
57.35	57.45	57.9	57.15
57.3	57.2	57.85	57
57.2	56.45	57.2	56.1
56.1	57.9	57.9	56.1
57.3	57	57.95	56.75
56.95	56.95	57.1	56.8
56.9	56	56.9	55.95
56	55.55	56.5	55.55
55.5	54.6	56.1	54.6
55.2	55.55	56.4	54.9
56	55.9	56.4	55.5
55.95	56.4	56.4	55.6
56.95	56.4	57.4	56.2
55.55	58.85	58.85	55.5
58.4	58	59	58
60.2	60.25	60.95	59.1
60.2	59.8	60.35	58.1
59.85	59	59.85	57.75
59	58.2	59	57.25
59	60	60	58.55
60.15	61.5	61.5	59.8
61.5	60	61.5	60
60	59.75	61	59.45
60	61	61.6	59.75
61	60.2	61.3	60.1
60.2	59.45	60.3	59.45
59.5	58.55	59.7	58.55
58.55	57.4	59.2	57.4
59	57	59	56.05
57.3	57.45	57.45	57
57.45	56.3	57.5	56
56.2	56.3	56.4	56
56.25	56.3	56.35	56.15
56.25	56.2	56.5	55.65
56.2	55.6	56.25	55.2
55.45	54.85	55.55	54.85
55	55.25	55.45	55
55.25	55	55.4	55
55	55.1	55.1	55
55	55	55	54
55	54	55.15	54
54.9	52.5	54.9	52.5
52.55	52.55	52.75	52.2
52.6	51	52.6	51
50.5	50.2	51	50.2
50.55	50.15	51.05	50.15
50.1	51.35	51.35	50.05
51.5	51.95	51.95	51.1
52	51.5	53.5	50.5
52	51.95	52.8	51.6
51.9	52.35	52.5	51.65
52.6	53.1	53.25	52.5
54.2	53.9	54.5	53
54.5	54.15	54.75	54.15
54.75	52.6	55	52.6
52.6	53.5	53.7	52.5
53	52.75	53.85	52.75
52.75	54.2	54.2	52.75
53.3	54.2	54.2	53.25
54.2	52	54.2	52
53	52	53	52
52.35	51.65	53	51.65
51.5	54.15	54.15	51.5
54.2	54.15	54.2	53.3
54.5	53.3	54.55	53.3
54.35	54.4	54.4	53.6
54.4	53.55	54.5	53.5
53.5	54	54.15	53.2
54.9	54.65	55	54
54.55	53.5	54.55	53.5
53.3	53.15	54	53.15
53.15	55	55	53.1
53.95	54.65	54.65	53.3
53.75	55.05	55.5	53.75
55	54.35	55.05	53.2
54.15	54.2	54.2	53.5
53.6	52.35	53.75	52.35
53.8	53	53.8	52.3
54.25	54.5	54.5	52.25
54.5	52.2	54.5	52.2
52.15	55	55	52.15
54.95	54.95	54.95	54.8
54.65	54.75	54.9	53.95
54.75	54.75	54.8	54
54.8	54.9	55.5	54.25
54.9	54.4	54.9	54.35
54.3	53.95	54.35	53.5
54	53.55	54	53.35
53.35	52.9	53.4	52.2
52.9	52.8	53	51.7
52.8	52	52.8	51.45
52	51.5	52	50.5
51.5	51	51.8	50.95
51	49	51	49
51	50	51.1	50
51	49.5	51	48.8
50	50.5	50.5	49.9
49.85	49.7	49.95	48.8
49.7	49	50.1	49
49.85	48.7	49.85	48.5
49.25	48.8	50	48.8
48.5	49.35	50	48.5
49.55	50.5	50.6	49.55
50.95	51.1	51.1	50.6
50.7	50.5	50.8	50.5
50.5	50	51.5	50
50.6	50.2	51.2	49.5
50.85	50.15	52	50.15
52	51.1	52	50
50.2	50.6	50.6	49.9
50.6	51.05	51.8	50
51.5	51.45	51.95	50.95
51.8	51	52.25	50.2
50.05	50.05	51.5	50
50	50	50.4	49.75
50.5	49	50.5	49
49	48.4	49	48.4
48	47.9	48	47.5
46.8	46.5	48	46.5
47.9	47.2	47.95	47
46.85	46.3	47.3	46.05
46.2	48	48	45.75
47.5	48.1	48.1	47.5
48.1	47.95	48.5	47.95
47.7	47.7	47.75	47.15
47.8	46.3	48.2	46.3
47.95	45.7	48	45.6
45.7	45	45.95	45
45	47.2	47.3	45
47.1	48.9	48.9	47.1
48.5	48.5	48.95	48
48.5	48.2	49	48
49	48.9	49	47.6
49	47.65	49	47.2
47.65	48.75	49.2	47.65
47.2	49.6	49.8	47.2
49.45	49.45	49.55	49
49	48.5	49.5	48.5
48.5	48.45	49.45	48.3
48.5	48.2	48.5	46.5
48.2	48.05	48.5	47.9
48	47.1	48.1	47
46.25	47.2	47.2	46.25
45.45	45.35	46	45
45.4	44.75	45.5	44.45
44.9	45	45.5	43.5
45.2	46.7	46.7	45
46.7	45.5	46.7	44.2
45	46	46.95	44.25
46	43.7	47	43.5
43.7	41.3	44.5	41.3
41.25	42.5	42.5	40
42.8	43.55	44.8	42.05
45.95	44.5	45.95	43.65
43.6	45	45	43.5
48	49.2	49.2	47.95
49.5	48.75	49.5	48.25
49.6	48.45	49.6	47.6
48.45	48	48.45	47.2
48.5	47	48.6	46.8
47	47.35	47.35	45.3
46.5	48.05	48.05	46
48.05	49.85	49.85	48.05
48.3	50	50	48.3
50	50	50.9	50
50	50.65	50.9	49.8
50.3	50.25	50.65	50
50.8	50.95	50.95	50.5
50.25	50.5	50.95	50.25
50.95	50.95	51	50.5
50.95	51	51	50.5
50.95	50.95	51	50.05
50.95	49.7	50.95	49
49	49	49.9	49
49	51	51	49
50.5	50	50.75	49.3
50.5	49.95	50.5	48.3
50	50	51	49.6
50.75	50	50.75	49.7
50	48.95	50	48.95
48	49.5	49.5	47.95
49.4	49.5	49.65	48.2
50	48	50	47.8
49	49.9	49.9	48
50	48.4	50	48.4
49.1	49	50.4	48.6
49	50.4	50.5	48.3
50.5	48.2	50.5	48.2
50.3	50.8	50.8	46
50.2	48.65	50.35	48.65
48.5	46	48.75	46
45.95	41.5	45.95	41.5
40	42.5	43.9	40
42.5	44.25	44.25	42.5
44.5	45.5	45.5	44.5
46.3	47.55	47.6	46.3
47.55	50	50.2	47.55
49.2	48.9	50.4	48.5
48	48.6	48.6	47.9
48.6	47.9	50	47.9
47.5	52	52	47
52	53	53	50.6
53	52	53.4	52
52	52.95	53	52
52.95	51.5	53.2	51
52	54.4	54.4	51.6
54.7	53	54.7	52.35
52.35	53.95	53.95	51.7
54	54.1	54.1	52.9
54.1	56.4	56.4	53.5
56.5	54.55	56.5	54
53.8	53.95	53.95	53.5
54.3	56.45	56.45	53.8
56.5	56.75	56.75	56
56.75	56.95	56.95	55.8
56.95	56.8	56.95	56
56.8	56	56.9	55.65
55.5	56	56.5	55.5
56	56	56.1	55.05
56	56.95	56.95	55.95
56.85	56.2	56.95	56.2
56.05	57	57	55
57	55.8	57	55.8
56.9	56.9	57	56.1
57	57	57.3	56.9
57	56.8	58	56.75
56.65	58.4	58.6	56.65
58.4	57.6	58.5	57.6
56.95	57.4	57.4	56.9
57	57	57	56.9
56.9	57.15	57.15	56.7
57	57	57.1	56.9
57	55.5	57.1	55.2
55.95	55.1	56.3	55.1
55	56	56.9	55
58.2	54.7	58.2	54.7
54.7	55	55	54.2
55	54.8	55	54
54.35	54	54.95	54
54.3	54	54.3	53.8
54.75	55	55	54.45
55	54.95	55	54.85
54.85	54.85	54.95	54.8
54.75	54.45	54.85	54
54.45	55	55	54
54.7	54.6	54.7	54.2
54.7	55.2	55.5	54.6
54.5	53.7	54.65	53.7
53.75	55	55	53.6
54.35	55.2	56.9	54.35
55.15	54.75	55.2	54.75
54.75	55	55.05	54.75
54.75	55.5	55.5	54.35
54.5	55.7	55.8	54.5
55.75	55	56.2	55
54.8	56.45	57	54.3
56.5	56.7	57	56
56.7	57.3	57.3	56.7
57.3	57.3	58.1	57.25
57.2	58.45	58.45	57
59.05	59.1	59.7	58.7
59	59.85	60	59
59.3	60.45	61	59.3
60	59.5	61	59.5
59.5	59.3	59.5	59
59.3	59	59.5	58.8
58.7	58	59	58
59	59	59	57.05
59	58.4	59	57.4
58.6	59	59	57.8
58	58.9	59	58
58.9	59.4	60	58.5
60.3	60	60.3	58.5
60	59.8	60	58
59.9	58	60.3	57.8
58.55	57.75	58.7	57.5
58	57.95	58.2	57.9
58	57.9	58	57.5
57.8	57	57.9	57
57.5	57.5	57.5	57.4
57.3	57	58	57
57	57.35	57.45	56.95
57.35	57	57.4	57
57	56.95	57.5	56.95
57	56.85	57	56.85
57	57.4	57.4	56.9
57.5	57	57.5	56
57	56	57.2	56
55.75	55.55	56	55.5
55.55	55	55.6	55
54.1	56	56	54.1
55.9	56	56.15	55.55
56	55.8	56	55.1
55.75	55.65	56	55.1
55.65	56.5	56.5	55.5
56.5	55.8	56.5	55.1
55.8	57	57	55.5
56.95	57	57	56.85
57	55.95	57	55.95
55.95	55.8	56.1	55.2
55.8	56.85	56.85	55.4
56.8	56.8	57	56.55
56.8	56.6	56.8	56.45
56.6	55.2	56.6	55.2
55.2	55.5	55.5	54
55.1	54.05	56	54
54.1	54.05	54.2	54
54	54.4	54.4	53.75
53.5	53	54.2	53
53.15	53	53.5	52.9
52.9	52.9	53.1	52.85
52.95	53	53.5	52.8
52.5	53	53	52.2
52	52	52.4	52
51.5	52.3	54	51.5
52.2	52.1	52.2	51.95
52.1	51.9	52.5	51.85
51.9	51.7	52.05	50.8
51.7	51.05	52.5	51.05
50.9	51.9	51.9	50.5
51.65	51.5	51.8	51.5
51.45	50.95	51.7	50.5
50.95	50.05	51.35	50.05
50	51.8	51.85	49.55
51.8	52.9	52.9	51.3
52.9	51.5	52.9	51.4
51.5	51.25	52	51
52.25	51	52.75	50.65
51	49.3	51	49.2
49.3	49.5	49.5	49
49.5	48.65	49.5	48.65
48.65	48.9	49	48.65
48.85	48.7	48.85	48.7
48.7	48.7	48.7	48.55
48.65	48.7	48.75	48.6
48.5	48.75	48.75	48.5
48.75	48.75	48.8	48.6
48.75	48.65	48.75	48.5
48.7	48.8	48.8	48.4
48.8	48.65	48.95	48.6
48.7	48.65	48.75	48.65
48.75	48.5	48.85	48.5
48.7	48.8	48.8	48.5
48.8	48.8	48.8	48.45
49	48.95	49	48
49	49.3	49.3	48.7
49.35	49.4	49.45	49.1
49.2	48.5	49.75	48.5
48.25	47.6	48.5	47.2
48	47.6	48	47.3
48	48	48.05	47.8
48	47.9	48	47.1
47.9	48.35	48.35	47.8
48.5	48.75	48.8	48.3
48.8	48.5	48.8	48.15
48.9	48.5	48.9	48.1
48.5	48.05	48.55	48
48.5	48.5	48.5	48.4
48.5	48.3	48.5	48.1
48.3	48.3	48.4	48.1
48.3	48.3	48.75	48.25
48	48.2	48.3	47.8
48.3	48.3	48.3	47.5
48.5	49	49	48.3
49	48.85	49	48.8
48.8	49	49.15	48.75
49	48.95	49.1	48.85
48.95	48.75	49	48.75
48.75	48.65	49	48.65
48.65	48.9	48.95	48.5
48.85	48.85	49	48.5
48.85	49	49	48.7
48.95	48.8	48.95	48.2
49	48.25	49	48.25
49	48.3	49	48.3
48	49	49	48
48.6	48.2	48.6	48.1
48.2	48.3	48.45	48.1
48.3	48.95	48.95	48.25
49	49	49.4	48.9
48.95	49.2	49.2	48.1
48.95	48.8	49	48
49.1	48.5	49.15	48.4
48.5	48.85	48.85	48
48.9	48	48.9	48
48	47.6	48	47.6
47.5	47.5	48	47.2
47.5	48	48	47.5
48	48.15	48.2	47.55
48.2	47.5	48.4	47.45
48.5	47.55	48.5	47.4
47.5	48	48	47.5
48.2	48.2	48.2	48
48.4	47.95	48.45	47
48	48.2	48.2	47.25
48.2	47.5	48.3	47.5
47.55	47.5	47.65	47.5
48.5	48.9	48.9	48.1
48.9	49	49	48.8
49.05	48.95	49.1	48.95
48.95	49.05	49.05	48.2
49.1	48.35	49.5	48.15
49	47.5	49	47.5
48.5	48.8	48.8	48.05
48.8	48.85	48.85	47.75
48.75	48.4	48.75	47.4
48.2	49	49	48
49	48.9	49	48.85
48.95	48.9	49.2	48
49.2	48.8	49.4	48.5
48.8	48.65	48.8	48.65
48.45	47.65	48.7	47.65
47.5	46.7	47.5	46.7
47	47.45	47.45	46.8
47.3	48.4	48.95	47.3
48.4	48.5	48.5	47
48.5	47.05	48.5	47.05
47.95	48.7	48.7	47.5
48.4	48.5	48.5	48
48.5	48.7	48.7	47.9
48.7	48.5	48.8	48.5
47.9	48.45	48.85	47.9
48.45	48	49.1	48
48	48	48	47.15
47	48.5	48.95	47
48.5	49.45	49.45	48
49.45	49.9	49.9	48.7
49	49.3	49.3	48.7
49	49.3	50	48.5
49.3	49.45	49.5	49.1
49.45	48.95	49.5	48.95
48.95	49.3	49.4	48.6
49.45	48	49.45	47.5
48	46.65	48.4	46.65
46.95	46	47.5	46
46.75	46.7	48	46.3
47.5	46.9	47.65	46.9
47.65	48.8	49.25	47.65
48.8	48.9	48.95	48.1
48	47.75	48.2	47
47.75	47.5	47.75	46.5
45	49	49	44
48	50.25	50.25	48
50.25	50	50.3	49.95
49.95	50.75	50.75	49.95
50	50	50.15	49.8
50.1	49.9	50.8	49.1
49	48	49	48
48.95	47.9	49.25	47.9
47.85	50.9	50.9	47.1
50.9	51.95	51.95	50.5
52	50.2	52.4	49.95
51.5	51.1	51.5	49.6
51.1	50	51.2	50
50	49	50	49
49.95	49.7	50	49.65
49.7	50	50	49.5
50	50.05	50.05	49.5
50	50.5	51	49
50.1	50	51.1	49
48	50	50.65	46.5
50.9	48.65	51.1	48.65
49.5	50.5	50.5	48.5
51	51.9	52.15	51
53	52.8	53	50.2
52.85	52.1	53	52.1
52.35	53.2	53.2	51.8
52	52.45	52.55	52
52.75	53	53	50.2
53.1	53.5	53.5	52.35
53.9	53	53.9	52.8
53	52	53.6	52
51.2	50.95	53.5	50.75
51	50	51	50
50.15	50.4	50.5	49.8
50.15	50	50.2	50
50	49.9	50.2	49.8
50	48.85	50	48.75
48.9	49.05	49.15	48.8
49.1	50.1	50.1	48
50.15	49.9	50.3	49.7
50	49.65	50.7	49.35
49	49.3	49.95	49
49.3	49.25	49.5	48.8
49.25	49.1	49.25	48.5
49.1	48.6	49.45	48.6
49.1	49	49.5	49
49	49.9	49.9	49
49.95	49.1	50.95	48.8
49	50.5	51.4	49
50.45	50.1	50.45	49.9
50.1	49.9	50.2	49.6
49.6	49.5	49.7	49
49.5	48.9	49.5	48.9
49	48.45	49.9	48.45
47.2	48.95	49.05	47.2
49	49.1	49.2	48.4
49.5	49	49.55	48.95
48.4	49.4	49.4	48.3
49.4	49.5	49.9	49.4
49.65	50	50.3	49.5
50.3	49.5	50.3	45
49.5	48.7	49.5	48.7
48.7	48.6	49.2	48.5
48.3	49.85	49.85	48.05
49.9	49.5	49.95	49.5
49.95	49.95	49.95	49.5
49.95	49.5	50	49.5
49.5	48.95	50.3	48
49.35	49.9	50	49.25
50	50	50.2	49.95
49.9	50	50.2	49.85
48.3	47.8	52.8	47.8
