"Date","Price","Open","High","Low","Vol.","Change %"
"Oct 18, 2017","1,236.00","1,250.00","1,255.00","1,230.00","230.19K","-1.12"
"Oct 17, 2017","1,250.00","1,237.00","1,258.00","1,222.00","326.67K","2.46"
"Oct 13, 2017","1,220.00","1,210.00","1,221.00","1,207.00","145.09K","1.24"
"Oct 12, 2017","1,205.00","1,209.00","1,213.00","1,200.00","63.27K","-0.33"
"Oct 11, 2017","1,209.00","1,217.00","1,220.00","1,205.00","58.48K","0.00"
"Oct 10, 2017","1,209.00","1,209.00","1,210.00","1,200.00","128.91K","0.83"
"Oct 09, 2017","1,199.00","1,218.00","1,223.00","1,199.00","87.06K","-1.56"
"Oct 06, 2017","1,218.00","1,237.00","1,250.00","1,218.00","159.02K","-1.54"
"Oct 05, 2017","1,237.00","1,217.00","1,237.00","1,217.00","90.98K","2.15"
"Oct 04, 2017","1,211.00","1,206.00","1,237.00","1,206.00","87.83K","0.50"
"Oct 03, 2017","1,205.00","1,200.00","1,220.00","1,200.00","196.34K","-0.08"
"Oct 02, 2017","1,206.00","1,178.00","1,207.00","1,176.00","202.03K","3.88"
"Sep 29, 2017","1,161.00","1,175.00","1,190.00","1,156.00","197.98K","-1.19"
"Sep 28, 2017","1,175.00","1,189.00","1,189.00","1,170.00","242.44K","-1.26"
"Sep 27, 2017","1,190.00","1,169.00","1,190.00","1,157.00","107.52K","1.88"
"Sep 26, 2017","1,168.00","1,189.00","1,197.00","1,167.00","102.04K","-2.26"
"Sep 25, 2017","1,195.00","1,201.00","1,202.00","1,180.00","19.63K","-0.50"
"Sep 22, 2017","1,201.00","1,180.00","1,204.00","1,180.00","119.83K","2.21"
"Sep 21, 2017","1,175.00","1,168.00","1,185.00","1,168.00","97.25K","0.77"
"Sep 20, 2017","1,166.00","1,156.00","1,186.00","1,155.00","77.06K","1.39"
"Sep 19, 2017","1,150.00","1,201.00","1,204.00","1,149.00","119.98K","-4.09"
"Sep 18, 2017","1,199.00","1,189.00","1,201.00","1,176.00","79.48K","2.13"
"Sep 15, 2017","1,174.00","1,199.00","1,208.00","1,174.00","297.49K","-2.09"
"Sep 14, 2017","1,199.00","1,160.00","1,199.00","1,160.00","147.97K","3.36"
"Sep 13, 2017","1,160.00","1,127.00","1,160.00","1,118.00","262.17K","3.66"
"Sep 11, 2017","1,119.00","1,128.00","1,130.00","1,117.00","157.70K","0.81"
"Sep 08, 2017","1,110.00","1,115.00","1,130.00","1,105.00","187.97K","0.00"
"Sep 07, 2017","1,110.00","1,106.00","1,119.00","1,106.00","158.95K","0.45"
"Sep 06, 2017","1,105.00","1,132.00","1,132.00","1,103.00","316.48K","-2.21"
"Sep 05, 2017","1,130.00","1,144.00","1,148.00","1,122.00","102.38K","-0.18"
"Sep 04, 2017","1,132.00","1,140.00","1,140.00","1,120.00","123.09K","1.25"
"Aug 31, 2017","1,118.00","1,130.00","1,130.00","1,117.00","158.24K","-0.97"
"Aug 30, 2017","1,129.00","1,143.00","1,143.00","1,126.00","125.47K","-0.09"
"Aug 29, 2017","1,130.00","1,140.00","1,153.00","1,124.00","154.01K","0.18"
"Aug 25, 2017","1,128.00","1,148.00","1,149.00","1,128.00","110.97K","-0.88"
"Aug 24, 2017","1,138.00","1,122.00","1,155.00","1,122.00","179.38K","1.61"
"Aug 23, 2017","1,120.00","1,130.00","1,145.00","1,118.00","229.28K","-0.88"
"Aug 22, 2017","1,130.00","1,150.00","1,150.00","1,128.00","172.26K","-1.31"
"Aug 18, 2017","1,145.00","1,170.00","1,180.00","1,139.00","137.60K","-2.22"
"Aug 17, 2017","1,171.00","1,199.00","1,199.00","1,165.00","102.33K","-0.76"
"Aug 16, 2017","1,180.00","1,180.00","1,186.00","1,172.00","136.73K","0.94"
"Aug 15, 2017","1,169.00","1,170.00","1,180.00","1,167.00","25.46K","0.17"
"Aug 14, 2017","1,167.00","1,160.00","1,174.00","1,160.00","147.94K","1.92"
"Aug 11, 2017","1,145.00","1,182.00","1,186.00","1,134.00","134.22K","-1.97"
"Aug 10, 2017","1,168.00","1,200.00","1,200.00","1,165.00","67.05K","-2.67"
"Aug 09, 2017","1,200.00","1,216.00","1,216.00","1,196.00","67.04K","-1.23"
"Aug 08, 2017","1,215.00","1,229.00","1,229.00","1,203.00","50.52K","-0.41"
"Aug 07, 2017","1,220.00","1,205.00","1,222.00","1,205.00","69.09K","1.67"
"Aug 04, 2017","1,200.00","1,196.00","1,210.00","1,196.00","37.96K","0.42"
"Aug 03, 2017","1,195.00","1,220.00","1,223.00","1,195.00","91.40K","-1.24"
"Aug 02, 2017","1,210.00","1,205.00","1,222.00","1,200.00","101.64K","0.83"
"Aug 01, 2017","1,200.00","1,213.00","1,220.00","1,198.00","134.11K","-1.07"
"Jul 31, 2017","1,213.00","1,251.00","1,251.00","1,206.00","106.47K","-2.33"
"Jul 28, 2017","1,242.00","1,257.00","1,257.00","1,241.00","70.20K","-1.19"
"Jul 27, 2017","1,257.00","1,236.00","1,268.00","1,236.00","239.78K","2.20"
"Jul 26, 2017","1,230.00","1,215.00","1,237.00","1,215.00","151.29K","1.57"
"Jul 25, 2017","1,211.00","1,212.00","1,215.00","1,206.00","93.73K","0.92"
"Jul 24, 2017","1,200.00","1,197.00","1,215.00","1,194.00","258.98K","0.42"
"Jul 21, 2017","1,195.00","1,230.00","1,230.00","1,187.00","354.78K","-2.85"
"Jul 20, 2017","1,230.00","1,238.00","1,244.00","1,229.00","119.01K","-0.81"
"Jul 19, 2017","1,240.00","1,242.00","1,260.00","1,232.00","188.06K","0.00"
"Jul 18, 2017","1,240.00","1,208.00","1,245.00","1,208.00","200.44K","2.73"
"Jul 17, 2017","1,207.00","1,207.00","1,207.00","1,199.00","202.85K","0.58"
"Jul 14, 2017","1,200.00","1,206.00","1,210.00","1,195.00","66.08K","0.00"
"Jul 13, 2017","1,200.00","1,202.00","1,213.00","1,195.00","201.82K","0.00"
"Jul 12, 2017","1,200.00","1,200.00","1,202.00","1,198.00","185.05K","0.42"
"Jul 11, 2017","1,195.00","1,195.00","1,207.00","1,195.00","41.30K","0.00"
"Jul 10, 2017","1,195.00","1,210.00","1,211.00","1,195.00","65.82K","-0.42"
"Jul 07, 2017","1,200.00","1,201.00","1,205.00","1,198.00","391.92K","-0.41"
"Jul 06, 2017","1,205.00","1,210.00","1,211.00","1,201.00","73.80K","-0.41"
"Jul 05, 2017","1,210.00","1,200.00","1,210.00","1,196.00","74.20K","0.58"
"Jul 04, 2017","1,203.00","1,202.00","1,208.00","1,200.00","16.97K","0.08"
"Jul 03, 2017","1,202.00","1,210.00","1,213.00","1,191.00","49.32K","-0.66"
"Jun 30, 2017","1,210.00","1,188.00","1,210.00","1,188.00","79.27K","1.68"
"Jun 29, 2017","1,190.00","1,204.00","1,210.00","1,188.00","83.54K","-1.24"
"Jun 28, 2017","1,205.00","1,202.00","1,208.00","1,199.00","201.04K","0.17"
"Jun 27, 2017","1,203.00","1,209.00","1,209.00","1,197.00","89.72K","-0.25"
"Jun 23, 2017","1,206.00","1,212.00","1,213.00","1,197.00","76.94K","0.00"
"Jun 22, 2017","1,206.00","1,208.00","1,215.00","1,201.00","170.05K","0.50"
"Jun 21, 2017","1,200.00","1,214.00","1,214.00","1,199.00","540.77K","0.00"
"Jun 20, 2017","1,200.00","1,209.00","1,209.00","1,191.00","193.70K","0.67"
"Jun 19, 2017","1,192.00","1,200.00","1,209.00","1,188.00","232.33K","-0.67"
"Jun 16, 2017","1,200.00","1,239.00","1,239.00","1,200.00","1.46M","-3.15"
"Jun 15, 2017","1,239.00","1,229.00","1,245.00","1,220.00","249.30K","1.56"
"Jun 14, 2017","1,220.00","1,232.00","1,232.00","1,210.00","221.65K","-1.61"
"Jun 13, 2017","1,240.00","1,210.00","1,240.00","1,197.00","358.25K","3.51"
"Jun 09, 2017","1,198.00","1,211.00","1,211.00","1,198.00","78.45K","-0.99"
"Jun 08, 2017","1,210.00","1,195.00","1,210.00","1,190.00","163.79K","1.26"
"Jun 07, 2017","1,195.00","1,220.00","1,235.00","1,185.00","479.66K","-2.05"
"Jun 06, 2017","1,220.00","1,228.00","1,235.00","1,206.00","145.83K","-0.57"
"Jun 05, 2017","1,227.00","1,203.00","1,234.00","1,203.00","185.52K","2.08"
"Jun 02, 2017","1,202.00","1,169.00","1,230.00","1,169.00","476.38K","3.44"
"Jun 01, 2017","1,162.00","1,186.00","1,191.00","1,150.00","494.53K","-2.76"
"May 31, 2017","1,195.00","1,199.00","1,209.00","1,185.00","681.26K","-0.33"
"May 30, 2017","1,199.00","1,199.00","1,200.00","1,188.00","197.72K","0.00"
"May 29, 2017","1,199.00","1,190.00","1,205.00","1,190.00","259.76K","0.84"
"May 26, 2017","1,189.00","1,200.00","1,200.00","1,189.00","181.28K","-0.92"
"May 25, 2017","1,200.00","1,190.00","1,200.00","1,190.00","324.66K","1.27"
"May 24, 2017","1,185.00","1,206.00","1,214.00","1,185.00","140.19K","-1.25"
"May 23, 2017","1,200.00","1,236.00","1,236.00","1,200.00","186.01K","-2.83"
"May 22, 2017","1,235.00","1,259.00","1,259.00","1,235.00","96.77K","-1.12"
"May 19, 2017","1,249.00","1,239.00","1,260.00","1,229.00","169.05K","0.89"
"May 18, 2017","1,238.00","1,270.00","1,270.00","1,227.00","98.25K","-1.75"
"May 17, 2017","1,260.00","1,253.00","1,269.00","1,241.00","128.82K","0.48"
"May 16, 2017","1,254.00","1,260.00","1,276.00","1,241.00","97.86K","1.54"
"May 15, 2017","1,235.00","1,244.00","1,250.00","1,235.00","118.86K","-1.67"
"May 12, 2017","1,256.00","1,276.00","1,276.00","1,250.00","173.36K","0.16"
"May 11, 2017","1,254.00","1,268.00","1,288.00","1,245.00","264.47K","1.13"
"May 10, 2017","1,240.00","1,301.00","1,309.00","1,240.00","129.81K","-4.62"
"May 09, 2017","1,300.00","1,285.00","1,303.00","1,274.00","285.57K","1.17"
"May 08, 2017","1,285.00","1,258.00","1,289.00","1,258.00","287.46K","2.39"
"May 05, 2017","1,255.00","1,226.00","1,270.00","1,226.00","209.25K","2.45"
"May 04, 2017","1,225.00","1,215.00","1,235.00","1,215.00","149.08K","0.82"
"May 03, 2017","1,215.00","1,248.00","1,253.00","1,215.00","72.20K","-2.64"
"May 02, 2017","1,248.00","1,265.00","1,272.00","1,245.00","232.13K","-0.95"
"Apr 27, 2017","1,260.00","1,266.00","1,266.00","1,241.00","76.53K","-0.55"
"Apr 26, 2017","1,267.00","1,263.00","1,279.00","1,241.00","243.53K","0.40"
"Apr 25, 2017","1,262.00","1,231.00","1,264.00","1,231.00","204.31K","2.69"
"Apr 24, 2017","1,229.00","1,212.00","1,230.00","1,205.00","64.53K","1.74"
"Apr 21, 2017","1,208.00","1,204.00","1,217.00","1,184.00","120.39K","2.81"
"Apr 20, 2017","1,175.00","1,205.00","1,206.00","1,169.00","273.76K","-2.57"
"Apr 19, 2017","1,206.00","1,222.00","1,222.00","1,200.00","105.77K","-1.95"
"Apr 18, 2017","1,230.00","1,241.00","1,241.00","1,225.00","80.26K","-1.20"
"Apr 17, 2017","1,245.00","1,267.00","1,268.00","1,230.00","61.98K","-2.35"
"Apr 12, 2017","1,275.00","1,269.00","1,275.00","1,250.00","63.70K","0.47"
"Apr 11, 2017","1,269.00","1,228.00","1,283.00","1,228.00","358.64K","3.59"
"Apr 10, 2017","1,225.00","1,173.00","1,240.00","1,173.00","231.06K","4.43"
"Apr 07, 2017","1,173.00","1,145.00","1,195.00","1,145.00","234.02K","2.71"
"Apr 06, 2017","1,142.00","1,141.00","1,160.00","1,141.00","57.66K","0.09"
"Apr 05, 2017","1,141.00","1,133.00","1,150.00","1,132.00","385.53K","1.88"
"Apr 04, 2017","1,120.00","1,134.00","1,135.00","1,116.00","236.21K","-1.23"
"Apr 03, 2017","1,134.00","1,145.00","1,145.00","1,132.00","209.60K","-0.96"
"Mar 31, 2017","1,145.00","1,177.00","1,177.00","1,137.00","248.81K","-2.72"
"Mar 30, 2017","1,177.00","1,194.00","1,210.00","1,160.00","113.33K","-0.76"
"Mar 29, 2017","1,186.00","1,188.00","1,188.99","1,176.02","56.76K","0.00"
"Mar 28, 2017","1,186.00","1,188.00","1,189.99","1,183.00","59.31K","0.51"
"Mar 27, 2017","1,180.01","1,185.00","1,190.99","1,169.03","119.54K","1.03"
"Mar 24, 2017","1,168.03","1,167.03","1,177.01","1,163.04","73.40K","0.09"
"Mar 23, 2017","1,167.03","1,168.03","1,173.02","1,158.05","62.81K","1.04"
"Mar 22, 2017","1,155.05","1,156.05","1,177.01","1,150.06","185.26K","-2.69"
"Mar 21, 2017","1,187.00","1,173.02","1,188.00","1,173.02","202.25K","1.62"
"Mar 20, 2017","1,168.03","1,163.04","1,177.01","1,162.04","94.71K","1.39"
"Mar 17, 2017","1,152.00","1,174.00","1,185.00","1,152.00","293.33K","-1.45"
"Mar 16, 2017","1,169.00","1,195.00","1,195.00","1,165.00","218.84K","-0.93"
"Mar 15, 2017","1,180.00","1,191.00","1,198.00","1,179.00","115.63K","-0.84"
"Mar 14, 2017","1,190.00","1,190.00","1,195.00","1,189.00","184.70K","-0.08"
"Mar 13, 2017","1,191.00","1,210.00","1,215.00","1,186.00","180.06K","-3.17"
"Mar 10, 2017","1,230.00","1,219.00","1,230.00","1,181.00","153.32K","1.82"
"Mar 09, 2017","1,208.00","1,215.00","1,215.00","1,207.00","96.75K","0.00"
"Mar 08, 2017","1,208.00","1,208.00","1,219.00","1,205.00","77.11K","0.00"
"Mar 07, 2017","1,208.00","1,235.00","1,242.00","1,204.00","144.67K","-0.98"
"Mar 06, 2017","1,220.00","1,208.00","1,232.00","1,208.00","85.25K","0.83"
"Mar 03, 2017","1,210.00","1,216.00","1,216.00","1,200.00","173.66K","-0.90"
"Mar 02, 2017","1,221.00","1,208.00","1,241.00","1,205.00","132.21K","1.67"
"Mar 01, 2017","1,201.00","1,207.00","1,210.00","1,201.00","88.20K","-0.66"
"Feb 28, 2017","1,209.00","1,224.00","1,224.00","1,206.00","205.84K","-0.08"
"Feb 27, 2017","1,210.00","1,260.00","1,260.00","1,208.00","71.27K","-2.02"
"Feb 24, 2017","1,235.00","1,237.00","1,237.00","1,220.00","168.38K","-0.40"
"Feb 23, 2017","1,240.00","1,237.00","1,244.00","1,212.00","149.70K","0.98"
"Feb 22, 2017","1,228.00","1,235.00","1,240.00","1,220.00","147.81K","-0.57"
"Feb 21, 2017","1,235.00","1,238.00","1,238.00","1,232.00","53.05K","-0.32"
"Feb 20, 2017","1,239.00","1,225.00","1,250.00","1,225.00","108.54K","1.56"
"Feb 17, 2017","1,220.00","1,225.00","1,240.00","1,213.00","148.42K","-0.41"
"Feb 16, 2017","1,225.00","1,228.00","1,248.00","1,220.00","179.99K","-0.24"
"Feb 15, 2017","1,228.00","1,222.00","1,230.00","1,220.00","165.25K","0.66"
"Feb 14, 2017","1,220.00","1,240.00","1,251.00","1,220.00","157.66K","-1.61"
"Feb 13, 2017","1,240.00","1,261.00","1,267.00","1,238.00","157.59K","-0.88"
"Feb 10, 2017","1,251.00","1,285.00","1,285.00","1,230.00","175.79K","-2.27"
"Feb 09, 2017","1,280.00","1,279.00","1,290.00","1,273.00","129.64K","0.08"
"Feb 08, 2017","1,279.00","1,272.00","1,285.00","1,267.00","214.66K","0.87"
"Feb 07, 2017","1,268.00","1,221.00","1,268.00","1,221.00","249.18K","3.85"
"Feb 06, 2017","1,221.00","1,240.00","1,243.00","1,200.00","386.18K","-1.93"
"Feb 03, 2017","1,245.00","1,267.00","1,267.00","1,234.00","179.29K","-1.66"
"Feb 02, 2017","1,266.00","1,289.00","1,302.00","1,250.00","201.49K","-1.78"
"Feb 01, 2017","1,289.00","1,304.00","1,327.00","1,284.00","270.63K","-1.15"
"Jan 31, 2017","1,304.00","1,350.00","1,350.00","1,302.00","189.84K","-3.41"
"Jan 30, 2017","1,350.00","1,388.00","1,390.00","1,350.00","25.92K","-2.24"
"Jan 27, 2017","1,381.00","1,365.00","1,388.00","1,365.00","133.18K","1.25"
"Jan 26, 2017","1,364.00","1,341.00","1,368.00","1,341.00","230.38K","1.72"
"Jan 25, 2017","1,341.00","1,345.00","1,355.00","1,330.00","48.47K","-0.30"
"Jan 24, 2017","1,345.00","1,345.00","1,349.00","1,318.00","143.07K","0.00"
"Jan 23, 2017","1,345.00","1,350.00","1,350.00","1,334.00","130.77K","0.37"
"Jan 20, 2017","1,340.00","1,350.00","1,351.00","1,330.00","55.78K","0.00"
"Jan 19, 2017","1,340.00","1,349.00","1,353.00","1,332.00","346.89K","0.00"
"Jan 18, 2017","1,340.00","1,329.00","1,353.00","1,321.00","419.86K","0.83"
"Jan 17, 2017","1,329.00","1,319.00","1,338.00","1,319.00","109.69K","0.76"
"Jan 16, 2017","1,319.00","1,320.00","1,334.00","1,317.00","74.23K","-0.08"
"Jan 13, 2017","1,320.00","1,315.00","1,335.00","1,313.00","172.55K","1.54"
"Jan 12, 2017","1,300.00","1,320.00","1,334.00","1,298.00","137.26K","0.00"
"Jan 11, 2017","1,300.00","1,304.00","1,350.00","1,298.00","72.73K","-1.52"
"Jan 10, 2017","1,320.00","1,330.00","1,330.00","1,301.00","180.07K","-0.83"
"Jan 09, 2017","1,331.00","1,350.00","1,350.00","1,330.00","54.77K","-0.45"
"Jan 06, 2017","1,337.00","1,342.00","1,374.00","1,330.00","93.75K","-0.96"
"Jan 05, 2017","1,350.00","1,330.00","1,390.00","1,326.00","181.43K","1.81"
"Jan 04, 2017","1,326.00","1,302.00","1,331.00","1,302.00","96.63K","2.00"
"Jan 03, 2017","1,300.00","1,280.00","1,301.00","1,266.00","75.38K","2.36"
"Dec 29, 2016","1,270.00","1,240.00","1,284.00","1,240.00","141.00K","3.25"
"Dec 28, 2016","1,230.00","1,220.00","1,230.00","1,220.00","116.46K","1.49"
"Dec 27, 2016","1,212.00","1,209.00","1,218.00","1,209.00","54.53K","0.25"
"Dec 23, 2016","1,209.00","1,181.00","1,209.00","1,175.00","71.18K","-0.41"
"Dec 22, 2016","1,214.00","1,181.00","1,220.00","1,181.00","57.31K","1.42"
"Dec 21, 2016","1,197.00","1,192.00","1,218.00","1,182.00","56.95K","0.42"
"Dec 20, 2016","1,192.00","1,195.00","1,195.00","1,170.00","172.00K","-0.25"
"Dec 19, 2016","1,195.00","1,210.00","1,219.00","1,189.00","106.72K","-1.24"
"Dec 16, 2016","1,210.00","1,248.00","1,248.00","1,210.00","136.82K","-1.63"
"Dec 15, 2016","1,230.00","1,225.00","1,249.00","1,222.00","54.56K","-2.30"
"Dec 14, 2016","1,259.00","1,280.00","1,280.00","1,241.00","124.95K","-1.64"
"Dec 13, 2016","1,280.00","1,243.00","1,280.00","1,200.00","163.78K","1.59"
"Dec 12, 2016","1,260.00","1,274.00","1,274.00","1,242.00","100.27K","-1.10"
"Dec 09, 2016","1,274.00","1,263.00","1,278.00","1,241.00","138.45K","1.11"
"Dec 08, 2016","1,260.00","1,250.00","1,260.00","1,237.00","144.80K","1.04"
"Dec 07, 2016","1,247.00","1,195.00","1,247.00","1,182.00","153.86K","4.09"
"Dec 06, 2016","1,198.00","1,198.00","1,198.00","1,172.00","75.67K","2.39"
"Dec 05, 2016","1,170.00","1,185.00","1,185.00","1,170.00","150.22K","-1.27"
"Dec 02, 2016","1,185.00","1,172.00","1,195.00","1,172.00","144.62K","1.28"
"Dec 01, 2016","1,170.00","1,195.00","1,208.00","1,170.00","390.68K","0.95"
"Nov 29, 2016","1,159.00","1,179.00","1,179.00","1,123.00","230.81K","-0.09"
"Nov 28, 2016","1,160.00","1,220.00","1,229.00","1,160.00","189.33K","-4.68"
"Nov 25, 2016","1,217.00","1,195.00","1,220.00","1,195.00","125.66K","1.59"
"Nov 24, 2016","1,198.00","1,167.00","1,198.00","1,156.00","97.64K","2.83"
"Nov 23, 2016","1,165.00","1,140.00","1,167.00","1,127.00","285.26K","4.02"
"Nov 22, 2016","1,120.00","1,155.00","1,155.00","1,084.00","475.95K","-2.61"
"Nov 21, 2016","1,150.00","1,200.00","1,207.00","1,150.00","140.36K","-4.17"
"Nov 18, 2016","1,200.00","1,207.00","1,207.00","1,188.00","121.46K","-0.41"
"Nov 17, 2016","1,205.00","1,238.00","1,245.00","1,205.00","100.60K","-1.23"
"Nov 16, 2016","1,220.00","1,218.00","1,240.00","1,209.00","165.21K","1.16"
"Nov 15, 2016","1,206.00","1,210.00","1,220.00","1,180.00","260.16K","0.50"
"Nov 14, 2016","1,200.00","1,250.00","1,252.00","1,200.00","194.71K","-4.99"
"Nov 11, 2016","1,263.00","1,327.00","1,327.00","1,251.00","399.45K","-5.39"
"Nov 10, 2016","1,335.00","1,320.00","1,360.00","1,320.00","105.31K","1.14"
"Nov 09, 2016","1,320.00","1,375.00","1,375.00","1,298.00","146.98K","-3.30"
"Nov 08, 2016","1,365.00","1,361.00","1,378.00","1,349.00","78.06K","0.37"
"Nov 07, 2016","1,360.00","1,350.00","1,370.00","1,332.00","117.09K","-1.66"
"Nov 04, 2016","1,383.00","1,335.00","1,386.00","1,320.00","140.16K","3.21"
"Nov 03, 2016","1,340.00","1,305.00","1,346.00","1,305.00","177.26K","2.06"
"Nov 02, 2016","1,313.00","1,320.00","1,325.00","1,301.00","152.10K","0.15"
"Oct 28, 2016","1,311.00","1,310.00","1,321.00","1,298.00","151.67K","0.08"
"Oct 27, 2016","1,310.00","1,336.00","1,336.00","1,310.00","237.70K","-2.02"
"Oct 26, 2016","1,337.00","1,353.00","1,353.00","1,329.00","184.08K","-2.48"
"Oct 25, 2016","1,371.00","1,373.00","1,378.00","1,361.00","110.53K","-0.15"
"Oct 24, 2016","1,373.00","1,417.00","1,420.00","1,370.00","165.77K","-3.31"
"Oct 21, 2016","1,420.00","1,440.00","1,440.00","1,391.00","35.11K","-0.35"
"Oct 20, 2016","1,425.00","1,410.00","1,433.00","1,410.00","82.71K","-0.21"
"Oct 19, 2016","1,428.00","1,410.00","1,432.00","1,410.00","138.22K","1.28"
"Oct 18, 2016","1,410.00","1,340.00","1,419.00","1,339.00","152.55K","5.22"
"Oct 17, 2016","1,340.00","1,355.00","1,356.00","1,336.00","124.17K","0.37"
"Oct 14, 2016","1,335.00","1,320.00","1,400.00","1,320.00","120.47K","0.38"
"Oct 13, 2016","1,330.00","1,368.00","1,368.00","1,330.00","314.54K","-2.92"
"Oct 12, 2016","1,370.00","1,399.00","1,399.00","1,365.00","240.46K","-2.07"
"Oct 11, 2016","1,399.00","1,387.00","1,410.00","1,386.00","156.41K","1.01"
"Oct 10, 2016","1,385.00","1,410.00","1,410.00","1,384.00","329.31K","-1.77"
"Oct 07, 2016","1,410.00","1,397.00","1,416.00","1,395.00","269.97K","0.93"
"Oct 06, 2016","1,397.00","1,397.00","1,420.00","1,396.00","195.48K","-0.21"
"Oct 05, 2016","1,400.00","1,425.00","1,425.00","1,397.00","383.74K","-1.27"
"Oct 04, 2016","1,418.00","1,420.00","1,425.00","1,417.00","141.46K","-0.14"
"Oct 03, 2016","1,420.00","1,440.00","1,440.00","1,418.00","141.53K","-1.39"
"Sep 30, 2016","1,440.00","1,465.00","1,474.00","1,435.00","165.87K","-2.04"
"Sep 29, 2016","1,470.00","1,476.00","1,480.00","1,470.00","161.46K","0.14"
"Sep 28, 2016","1,468.00","1,475.00","1,478.00","1,451.00","238.40K","1.24"
"Sep 27, 2016","1,450.00","1,479.00","1,479.00","1,450.00","355.99K","-1.96"
"Sep 26, 2016","1,479.00","1,480.00","1,480.00","1,465.00","112.26K","-0.07"
"Sep 23, 2016","1,480.00","1,461.00","1,486.00","1,461.00","140.92K","0.00"
"Sep 22, 2016","1,480.00","1,451.00","1,482.00","1,451.00","263.72K","2.07"
"Sep 21, 2016","1,450.00","1,463.00","1,463.00","1,440.00","61.83K","-0.55"
"Sep 20, 2016","1,458.00","1,390.00","1,458.00","1,390.00","210.84K","3.40"
"Sep 19, 2016","1,410.00","1,401.00","1,418.00","1,401.00","163.02K","0.64"
"Sep 16, 2016","1,401.00","1,455.00","1,455.00","1,401.00","294.93K","-3.71"
"Sep 15, 2016","1,455.00","1,430.00","1,455.00","1,430.00","235.56K","1.75"
"Sep 14, 2016","1,430.00","1,450.00","1,452.00","1,430.00","268.18K","-1.85"
"Sep 13, 2016","1,457.00","1,478.00","1,478.00","1,451.00","421.01K","-1.55"
"Sep 09, 2016","1,480.00","1,530.00","1,530.00","1,476.00","268.32K","-0.54"
"Sep 08, 2016","1,488.00","1,479.00","1,495.00","1,461.00","262.81K","0.54"
"Sep 07, 2016","1,480.00","1,512.00","1,512.00","1,474.00","433.37K","-1.60"
"Sep 06, 2016","1,504.00","1,501.00","1,509.00","1,501.00","253.08K","-1.05"
"Sep 05, 2016","1,520.00","1,523.00","1,536.00","1,511.00","56.85K","-0.20"
"Sep 02, 2016","1,523.00","1,510.00","1,533.00","1,510.00","301.23K","0.86"
"Sep 01, 2016","1,510.00","1,525.00","1,525.00","1,492.00","285.54K","-1.63"
"Aug 31, 2016","1,535.00","1,536.00","1,542.00","1,500.00","215.38K","-0.07"
"Aug 30, 2016","1,536.00","1,527.00","1,539.00","1,527.00","313.41K","-0.45"
"Aug 26, 2016","1,543.00","1,543.00","1,545.00","1,540.00","105.52K","0.00"
"Aug 25, 2016","1,543.00","1,541.00","1,543.00","1,530.00","69.60K","0.13"
"Aug 24, 2016","1,541.00","1,538.00","1,541.00","1,530.00","191.27K","-0.06"
"Aug 23, 2016","1,542.00","1,539.00","1,545.00","1,538.00","75.35K","0.19"
"Aug 22, 2016","1,539.00","1,530.00","1,545.00","1,525.00","87.51K","0.59"
"Aug 19, 2016","1,530.00","1,528.00","1,547.00","1,525.00","158.31K","0.00"
"Aug 18, 2016","1,530.00","1,539.00","1,543.00","1,527.00","214.27K","-0.58"
"Aug 17, 2016","1,539.00","1,530.00","1,539.00","1,506.00","402.46K","2.60"
"Aug 16, 2016","1,500.00","1,550.00","1,550.00","1,500.00","236.02K","-2.60"
"Aug 15, 2016","1,540.00","1,535.00","1,555.00","1,535.00","140.70K","0.33"
"Aug 12, 2016","1,535.00","1,554.00","1,556.00","1,535.00","220.06K","-1.22"
"Aug 11, 2016","1,554.00","1,560.00","1,561.00","1,540.00","658.71K","-4.07"
"Aug 10, 2016","1,620.00","1,624.00","1,635.00","1,613.00","180.40K","0.12"
"Aug 09, 2016","1,618.00","1,611.00","1,624.00","1,610.00","345.40K","0.50"
"Aug 08, 2016","1,610.00","1,600.00","1,620.00","1,572.00","116.42K","0.63"
"Aug 05, 2016","1,600.00","1,599.00","1,600.00","1,589.00","95.88K","0.06"
"Aug 04, 2016","1,599.00","1,556.00","1,599.00","1,530.00","98.01K","2.70"
"Aug 03, 2016","1,557.00","1,585.00","1,585.00","1,550.00","127.66K","-1.46"
"Aug 02, 2016","1,580.00","1,591.00","1,598.00","1,560.00","106.69K","-0.63"
"Aug 01, 2016","1,590.00","1,550.00","1,597.00","1,550.00","139.00K","3.25"
"Jul 29, 2016","1,540.00","1,570.00","1,570.00","1,540.00","57.55K","-1.60"
"Jul 28, 2016","1,565.00","1,549.00","1,565.00","1,548.00","151.50K","0.32"
"Jul 27, 2016","1,560.00","1,550.00","1,570.00","1,550.00","99.21K","0.58"
"Jul 26, 2016","1,551.00","1,577.00","1,577.00","1,550.00","77.34K","-1.65"
"Jul 25, 2016","1,577.00","1,565.00","1,587.00","1,565.00","146.21K","0.77"
"Jul 22, 2016","1,565.00","1,565.00","1,572.00","1,557.00","56.88K","-0.13"
"Jul 21, 2016","1,567.00","1,573.00","1,573.00","1,560.00","70.10K","-0.38"
"Jul 20, 2016","1,573.00","1,560.00","1,573.00","1,549.00","147.69K","0.83"
"Jul 19, 2016","1,560.00","1,549.00","1,569.00","1,548.00","124.89K","0.71"
"Jul 18, 2016","1,549.00","1,553.00","1,557.00","1,540.00","91.26K","-0.26"
"Jul 15, 2016","1,553.00","1,530.00","1,555.00","1,530.00","184.56K","1.50"
"Jul 14, 2016","1,530.00","1,510.00","1,540.00","1,493.00","185.97K","1.32"
"Jul 13, 2016","1,510.00","1,520.00","1,530.00","1,500.00","94.66K","-0.66"
"Jul 12, 2016","1,520.00","1,490.00","1,520.00","1,490.00","239.59K","2.36"
"Jul 11, 2016","1,485.00","1,481.00","1,495.00","1,475.00","100.36K","1.02"
"Jul 08, 2016","1,470.00","1,451.00","1,470.00","1,451.00","60.65K","0.68"
"Jul 07, 2016","1,460.00","1,470.00","1,475.00","1,456.00","238.52K","0.00"
"Jul 05, 2016","1,460.00","1,482.00","1,484.00","1,455.00","132.34K","-0.88"
"Jul 04, 2016","1,473.00","1,469.00","1,485.00","1,466.00","110.02K","0.55"
"Jul 01, 2016","1,465.00","1,450.00","1,465.00","1,450.00","163.02K","1.74"
"Jun 30, 2016","1,440.00","1,470.00","1,499.00","1,425.00","195.81K","-2.04"
"Jun 29, 2016","1,470.00","1,474.00","1,480.00","1,465.00","128.99K","1.66"
"Jun 28, 2016","1,446.00","1,470.00","1,470.00","1,438.00","146.08K","-1.57"
"Jun 27, 2016","1,469.00","1,450.00","1,518.00","1,424.00","142.28K","0.14"
"Jun 24, 2016","1,467.00","1,520.00","1,525.00","1,440.00","183.55K","-2.20"
"Jun 23, 2016","1,500.00","1,520.00","1,520.00","1,488.00","68.35K","-1.32"
"Jun 22, 2016","1,520.00","1,500.00","1,520.00","1,500.00","231.52K","1.33"
"Jun 21, 2016","1,500.00","1,450.00","1,505.00","1,447.00","365.60K","3.81"
"Jun 20, 2016","1,445.00","1,440.00","1,449.00","1,416.00","157.93K","0.98"
"Jun 17, 2016","1,431.00","1,439.00","1,445.00","1,420.00","227.92K","-0.56"
"Jun 16, 2016","1,439.00","1,438.00","1,444.00","1,433.00","97.29K","0.07"
"Jun 15, 2016","1,438.00","1,440.00","1,440.00","1,425.00","102.95K","-0.14"
"Jun 14, 2016","1,440.00","1,439.00","1,440.00","1,408.00","105.70K","-0.48"
"Jun 13, 2016","1,447.00","1,420.00","1,447.00","1,408.00","37.83K","1.90"
"Jun 10, 2016","1,420.00","1,405.00","1,433.00","1,405.00","65.40K","1.07"
"Jun 09, 2016","1,405.00","1,449.00","1,449.00","1,403.00","102.48K","-1.06"
"Jun 08, 2016","1,420.00","1,469.00","1,472.00","1,420.00","102.34K","-2.87"
"Jun 07, 2016","1,462.00","1,445.00","1,472.00","1,436.00","287.43K","2.67"
"Jun 06, 2016","1,424.00","1,439.00","1,439.00","1,412.00","63.98K","0.92"
"Jun 03, 2016","1,411.00","1,408.00","1,429.00","1,403.00","62.97K","0.43"
"Jun 02, 2016","1,405.00","1,405.00","1,411.00","1,400.00","88.06K","-0.71"
"Jun 01, 2016","1,415.00","1,419.00","1,437.00","1,400.00","121.35K","1.43"
"May 31, 2016","1,395.00","1,440.00","1,440.00","1,395.00","368.63K","-3.79"
"May 30, 2016","1,450.00","1,436.00","1,454.00","1,430.00","68.37K","0.69"
"May 27, 2016","1,440.00","1,430.00","1,450.00","1,415.00","265.86K","1.05"
"May 26, 2016","1,425.00","1,432.00","1,433.00","1,405.00","50.76K","-0.14"
"May 25, 2016","1,427.00","1,400.00","1,427.00","1,400.00","109.40K","2.29"
"May 24, 2016","1,395.00","1,380.00","1,400.00","1,380.00","50.79K","0.94"
"May 23, 2016","1,382.00","1,390.00","1,392.00","1,379.00","74.63K","0.14"
"May 20, 2016","1,380.00","1,410.00","1,421.00","1,380.00","91.80K","-3.50"
"May 19, 2016","1,430.00","1,430.00","1,431.00","1,422.00","149.23K","0.00"
"May 18, 2016","1,430.00","1,445.00","1,445.00","1,415.00","224.61K","-1.04"
"May 17, 2016","1,445.00","1,469.00","1,469.00","1,425.00","112.87K","-0.69"
"May 16, 2016","1,455.00","1,410.00","1,460.00","1,410.00","194.52K","0.28"
"May 13, 2016","1,451.00","1,423.00","1,473.00","1,422.00","336.42K","2.91"
"May 12, 2016","1,410.00","1,415.00","1,420.00","1,386.00","95.79K","-0.35"
"May 11, 2016","1,415.00","1,371.00","1,436.00","1,371.00","206.43K","3.66"
"May 10, 2016","1,365.00","1,362.00","1,376.00","1,335.00","205.04K","0.15"
"May 06, 2016","1,363.00","1,331.00","1,398.00","1,331.00","103.90K","1.34"
"May 05, 2016","1,345.00","1,330.00","1,365.00","1,330.00","191.71K","0.00"
"May 04, 2016","1,345.00","1,337.00","1,345.00","1,331.00","184.18K","0.37"
"May 03, 2016","1,340.00","1,339.00","1,346.00","1,337.00","132.36K","0.00"
"May 02, 2016","1,340.00","1,350.00","1,350.00","1,328.00","75.88K","-1.98"
"Apr 29, 2016","1,367.00","1,370.00","1,376.00","1,362.00","94.18K","0.00"
"Apr 28, 2016","1,367.00","1,369.00","1,388.00","1,367.00","140.32K","-0.07"
"Apr 27, 2016","1,368.00","1,368.00","1,375.00","1,359.00","57.11K","-0.15"
"Apr 26, 2016","1,370.00","1,355.00","1,378.00","1,355.00","67.24K","-0.44"
"Apr 25, 2016","1,376.00","1,381.00","1,383.00","1,370.00","46.02K","-0.36"
"Apr 22, 2016","1,381.00","1,380.00","1,400.00","1,380.00","64.18K","0.07"
"Apr 21, 2016","1,380.00","1,369.00","1,392.00","1,365.00","110.50K","0.80"
"Apr 20, 2016","1,369.00","1,372.00","1,390.00","1,363.00","89.65K","0.44"
"Apr 19, 2016","1,363.00","1,398.00","1,412.00","1,354.00","127.90K","-2.50"
"Apr 18, 2016","1,398.00","1,390.00","1,412.00","1,390.00","49.85K","-0.14"
"Apr 15, 2016","1,400.00","1,414.00","1,414.00","1,390.00","37.64K","-1.27"
"Apr 14, 2016","1,418.00","1,415.00","1,423.00","1,415.00","113.32K","0.28"
"Apr 13, 2016","1,414.00","1,393.00","1,431.00","1,393.00","212.43K","1.51"
"Apr 12, 2016","1,393.00","1,373.00","1,401.00","1,370.00","185.96K","1.46"
"Apr 11, 2016","1,373.00","1,356.00","1,382.00","1,355.00","168.68K","1.25"
"Apr 08, 2016","1,356.00","1,360.00","1,370.00","1,352.00","114.56K","-0.07"
"Apr 07, 2016","1,357.00","1,384.00","1,384.00","1,345.00","80.85K","0.37"
"Apr 06, 2016","1,352.00","1,397.00","1,398.00","1,313.00","176.69K","-1.24"
"Apr 05, 2016","1,369.00","1,430.00","1,430.00","1,369.00","51.38K","-2.28"
"Apr 04, 2016","1,401.00","1,386.03","1,406.99","1,385.03","205.76K","1.15"
"Apr 01, 2016","1,385.03","1,397.01","1,397.01","1,381.04","70.55K","-0.14"
"Mar 31, 2016","1,387.03","1,439.92","1,439.92","1,382.04","277.12K","-2.39"
"Mar 30, 2016","1,420.96","1,435.92","1,435.92","1,416.97","129.59K","0.49"
"Mar 29, 2016","1,413.97","1,429.94","1,442.91","1,408.98","207.91K","-2.68"
"Mar 28, 2016","1,452.89","1,452.89","1,474.84","1,444.91","82.55K","0.20"
"Mar 23, 2016","1,450.00","1,434.00","1,464.00","1,430.00","367.36K","1.12"
"Mar 22, 2016","1,434.00","1,435.00","1,445.00","1,420.00","136.22K","-0.07"
"Mar 21, 2016","1,435.00","1,426.00","1,445.00","1,425.00","208.62K","2.14"
"Mar 18, 2016","1,405.00","1,401.00","1,415.00","1,401.00","261.49K","0.36"
"Mar 17, 2016","1,400.00","1,400.00","1,410.00","1,397.00","231.32K","1.82"
"Mar 16, 2016","1,375.00","1,400.00","1,405.00","1,375.00","134.17K","-2.83"
"Mar 15, 2016","1,415.00","1,415.00","1,430.00","1,415.00","124.30K","0.00"
"Mar 14, 2016","1,415.00","1,420.00","1,447.00","1,411.00","293.60K","0.35"
"Mar 11, 2016","1,410.00","1,382.00","1,416.00","1,382.00","236.85K","2.10"
"Mar 10, 2016","1,381.00","1,356.00","1,402.00","1,356.00","254.35K","1.84"
"Mar 09, 2016","1,356.00","1,350.00","1,360.00","1,350.00","279.58K","0.44"
"Mar 08, 2016","1,350.00","1,324.00","1,353.00","1,320.00","541.46K","2.04"
"Mar 07, 2016","1,323.00","1,360.00","1,361.00","1,320.00","139.04K","-1.93"
"Mar 04, 2016","1,349.00","1,355.00","1,356.00","1,344.00","133.60K","-0.37"
"Mar 03, 2016","1,354.00","1,350.00","1,357.00","1,333.00","276.33K","1.04"
"Mar 02, 2016","1,340.00","1,325.00","1,340.00","1,317.00","306.43K","2.06"
"Mar 01, 2016","1,313.00","1,311.00","1,313.00","1,275.00","137.82K","0.54"
"Feb 29, 2016","1,306.00","1,288.00","1,310.00","1,287.00","221.76K","1.40"
"Feb 26, 2016","1,288.00","1,280.00","1,289.00","1,269.00","182.36K","0.63"
"Feb 24, 2016","1,280.00","1,270.00","1,293.00","1,268.00","105.58K","0.55"
"Feb 23, 2016","1,273.00","1,269.00","1,273.00","1,263.00","42.98K","0.95"
"Feb 22, 2016","1,261.00","1,262.00","1,263.00","1,260.00","36.10K","0.08"
"Feb 19, 2016","1,260.00","1,270.00","1,270.00","1,255.00","134.98K","-0.40"
"Feb 18, 2016","1,265.00","1,250.00","1,265.00","1,240.00","106.51K","4.12"
"Feb 17, 2016","1,215.00","1,235.00","1,236.00","1,214.00","541.42K","-1.22"
"Feb 16, 2016","1,230.00","1,250.00","1,270.00","1,230.00","92.17K","-1.20"
"Feb 15, 2016","1,245.00","1,250.00","1,260.00","1,245.00","31.77K","0.40"
"Feb 12, 2016","1,240.00","1,235.00","1,250.00","1,234.00","214.30K","0.49"
"Feb 11, 2016","1,234.00","1,243.00","1,244.00","1,228.00","69.23K","-0.72"
"Feb 10, 2016","1,243.00","1,250.00","1,260.00","1,230.00","20.40K","-0.56"
"Feb 09, 2016","1,250.00","1,258.00","1,258.00","1,230.00","62.31K","-1.81"
"Feb 05, 2016","1,273.00","1,243.00","1,295.00","1,243.00","215.15K","1.84"
"Feb 04, 2016","1,250.00","1,270.00","1,271.00","1,250.00","28.73K","0.56"
"Feb 03, 2016","1,243.00","1,250.00","1,258.00","1,242.00","134.98K","-1.35"
"Feb 02, 2016","1,260.00","1,260.00","1,279.00","1,254.00","322.69K","-3.00"
"Feb 01, 2016","1,299.00","1,292.00","1,300.00","1,281.00","834.46K","0.70"
"Jan 29, 2016","1,290.00","1,250.00","1,290.00","1,250.00","261.68K","3.20"
"Jan 28, 2016","1,250.00","1,250.00","1,254.00","1,245.00","202.86K","0.16"
"Jan 27, 2016","1,248.00","1,240.00","1,250.00","1,236.00","185.32K","0.97"
"Jan 26, 2016","1,236.00","1,227.00","1,270.00","1,210.00","245.28K","0.24"
"Jan 25, 2016","1,233.00","1,239.00","1,240.00","1,214.00","204.06K","0.65"
"Jan 22, 2016","1,225.00","1,235.00","1,235.00","1,215.00","248.66K","-0.81"
"Jan 21, 2016","1,235.00","1,265.00","1,265.00","1,230.00","290.75K","-2.37"
"Jan 20, 2016","1,265.00","1,270.00","1,290.00","1,260.00","275.58K","-1.63"
"Jan 19, 2016","1,286.00","1,286.00","1,300.00","1,286.00","66.83K","0.00"
"Jan 18, 2016","1,286.00","1,275.00","1,295.00","1,274.00","62.38K","-1.08"
"Jan 15, 2016","1,300.00","1,315.00","1,315.00","1,296.00","87.04K","0.78"
"Jan 14, 2016","1,290.00","1,284.00","1,294.00","1,280.00","131.91K","-0.69"
"Jan 13, 2016","1,299.00","1,292.00","1,312.00","1,292.00","100.37K","0.93"
"Jan 12, 2016","1,287.00","1,292.00","1,325.00","1,287.00","58.54K","-0.39"
"Jan 11, 2016","1,292.00","1,315.00","1,328.00","1,290.00","324.90K","-3.58"
"Jan 08, 2016","1,340.00","1,350.00","1,350.00","1,311.00","144.18K","-0.74"
"Jan 07, 2016","1,350.00","1,341.00","1,351.00","1,336.00","215.62K","0.00"
"Jan 06, 2016","1,350.00","1,341.00","1,353.00","1,341.00","176.91K","0.60"
"Jan 05, 2016","1,342.00","1,316.00","1,351.00","1,314.00","165.98K","1.67"
"Jan 04, 2016","1,320.00","1,350.00","1,360.00","1,320.00","78.47K","0.00"
"Dec 29, 2015","1,320.00","1,360.00","1,360.00","1,318.00","73.35K","-2.87"
"Dec 28, 2015","1,359.00","1,326.00","1,359.00","1,326.00","57.96K","1.04"
"Dec 23, 2015","1,345.00","1,337.00","1,351.00","1,336.00","88.45K","1.13"
"Dec 22, 2015","1,330.00","1,260.00","1,335.00","1,260.00","146.11K","3.50"
"Dec 21, 2015","1,285.00","1,288.00","1,303.00","1,260.00","131.06K","1.82"
"Dec 18, 2015","1,262.00","1,240.00","1,262.00","1,220.00","156.32K","0.08"
"Dec 17, 2015","1,261.00","1,277.00","1,295.00","1,260.00","69.66K","0.24"
"Dec 16, 2015","1,258.00","1,255.00","1,279.00","1,255.00","202.02K","0.56"
"Dec 15, 2015","1,251.00","1,289.00","1,289.00","1,250.00","95.63K","-3.70"
"Dec 14, 2015","1,299.00","1,225.00","1,299.00","1,215.00","73.32K","6.21"
"Dec 11, 2015","1,223.00","1,225.00","1,244.00","1,220.00","69.60K","-0.08"
"Dec 10, 2015","1,224.00","1,250.00","1,250.00","1,224.00","56.58K","0.33"
"Dec 09, 2015","1,220.00","1,242.00","1,242.00","1,219.00","156.89K","-2.09"
"Dec 08, 2015","1,246.00","1,265.00","1,265.00","1,242.00","92.42K","-1.74"
"Dec 07, 2015","1,268.00","1,280.00","1,280.00","1,267.00","45.50K","0.24"
"Dec 04, 2015","1,265.00","1,284.00","1,284.00","1,255.00","184.93K","-1.56"
"Dec 03, 2015","1,285.00","1,290.00","1,292.00","1,277.00","76.85K","-0.39"
"Dec 02, 2015","1,290.00","1,290.00","1,295.00","1,290.00","51.94K","0.00"
"Dec 01, 2015","1,290.00","1,290.00","1,299.00","1,277.00","258.28K","1.98"
"Nov 27, 2015","1,265.00","1,291.00","1,291.00","1,265.00","224.50K","-1.94"
"Nov 26, 2015","1,290.00","1,290.00","1,298.00","1,285.00","123.05K","-0.39"
"Nov 25, 2015","1,295.00","1,295.00","1,296.00","1,288.00","107.32K","0.54"
"Nov 24, 2015","1,288.00","1,285.00","1,290.00","1,285.00","146.27K","-0.23"
"Nov 23, 2015","1,291.00","1,286.00","1,295.00","1,285.00","110.27K","0.39"
"Nov 20, 2015","1,286.00","1,300.00","1,300.00","1,285.00","230.59K","0.08"
"Nov 17, 2015","1,285.00","1,302.00","1,303.00","1,285.00","105.86K","-1.00"
"Nov 16, 2015","1,298.00","1,307.00","1,307.00","1,285.00","125.72K","-2.11"
"Nov 13, 2015","1,326.00","1,326.00","1,326.00","1,309.00","86.72K","0.23"
"Nov 12, 2015","1,323.00","1,360.00","1,360.00","1,323.00","140.90K","0.00"
"Nov 11, 2015","1,323.00","1,318.00","1,331.00","1,316.00","149.60K","-0.53"
"Nov 10, 2015","1,330.00","1,311.00","1,332.00","1,311.00","64.52K","0.38"
"Nov 09, 2015","1,325.00","1,340.00","1,360.00","1,312.00","92.33K","-2.57"
"Nov 06, 2015","1,360.00","1,363.00","1,365.00","1,358.00","134.22K","-0.15"
"Nov 05, 2015","1,362.00","1,360.00","1,369.00","1,354.00","190.19K","0.22"
"Nov 04, 2015","1,359.00","1,368.00","1,368.00","1,347.00","183.44K","0.67"
"Nov 03, 2015","1,350.00","1,340.00","1,365.00","1,340.00","186.26K","0.75"
"Nov 02, 2015","1,340.00","1,330.00","1,350.00","1,310.00","49.45K","1.98"
"Oct 30, 2015","1,314.00","1,343.00","1,343.00","1,314.00","143.29K","-2.23"
"Oct 29, 2015","1,344.00","1,352.00","1,356.00","1,331.00","99.86K","-0.88"
"Oct 28, 2015","1,356.00","1,374.00","1,374.00","1,340.00","68.48K","-1.38"
"Oct 27, 2015","1,375.00","1,360.00","1,375.00","1,355.00","37.90K","1.10"
"Oct 26, 2015","1,360.00","1,346.00","1,369.00","1,321.00","188.69K","2.87"
"Oct 23, 2015","1,322.00","1,326.00","1,346.00","1,322.00","117.89K","0.08"
"Oct 22, 2015","1,321.00","1,295.00","1,327.00","1,295.00","129.57K","-0.30"
"Oct 21, 2015","1,325.00","1,325.00","1,346.00","1,320.00","129.79K","0.00"
"Oct 20, 2015","1,325.00","1,294.00","1,325.00","1,290.00","75.40K","2.40"
"Oct 19, 2015","1,294.00","1,296.00","1,303.00","1,290.00","88.97K","-0.15"
"Oct 16, 2015","1,296.00","1,320.00","1,339.00","1,280.00","442.49K","-1.82"
"Oct 15, 2015","1,320.00","1,335.00","1,335.00","1,318.00","164.66K","-1.27"
"Oct 14, 2015","1,337.00","1,365.00","1,365.00","1,331.00","16.82K","0.53"
"Oct 13, 2015","1,330.00","1,350.00","1,350.00","1,327.00","93.25K","-1.48"
"Oct 12, 2015","1,350.00","1,375.00","1,376.00","1,322.00","173.06K","-1.53"
"Oct 09, 2015","1,371.00","1,363.00","1,377.00","1,351.00","146.13K","0.88"
"Oct 08, 2015","1,359.00","1,348.00","1,370.00","1,348.00","302.28K","1.27"
"Oct 07, 2015","1,342.00","1,338.00","1,350.00","1,337.00","211.73K","-0.52"
"Oct 06, 2015","1,349.00","1,340.00","1,352.00","1,340.00","187.03K","1.43"
"Oct 05, 2015","1,330.00","1,300.00","1,346.00","1,300.00","419.33K","2.47"
"Oct 02, 2015","1,298.00","1,300.00","1,301.00","1,295.00","199.20K","-0.15"
"Oct 01, 2015","1,300.00","1,288.00","1,301.00","1,286.00","223.70K","2.77"
"Sep 30, 2015","1,265.00","1,250.00","1,265.00","1,249.00","141.41K","1.28"
"Sep 29, 2015","1,249.00","1,260.00","1,265.00","1,227.00","142.38K","-0.87"
"Sep 28, 2015","1,260.00","1,259.00","1,280.00","1,251.00","131.07K","2.02"
"Sep 24, 2015","1,235.00","1,234.00","1,245.00","1,220.00","196.35K","0.82"
"Sep 23, 2015","1,225.00","1,252.00","1,255.00","1,225.00","313.18K","-2.47"
"Sep 22, 2015","1,256.00","1,285.00","1,290.00","1,255.00","85.14K","-1.10"
"Sep 21, 2015","1,270.00","1,300.00","1,300.00","1,257.00","116.61K","-2.31"
"Sep 18, 2015","1,300.00","1,288.00","1,315.00","1,281.00","375.57K","0.93"
"Sep 17, 2015","1,288.00","1,274.00","1,299.00","1,274.00","214.03K","1.18"
"Sep 16, 2015","1,273.00","1,269.00","1,280.00","1,265.00","186.83K","0.39"
"Sep 15, 2015","1,268.00","1,265.00","1,270.00","1,256.00","191.96K","0.88"
"Sep 14, 2015","1,257.00","1,256.00","1,262.00","1,256.00","144.69K","0.00"
"Sep 11, 2015","1,257.00","1,242.00","1,265.00","1,242.00","187.37K","0.16"
"Sep 10, 2015","1,255.00","1,249.00","1,265.00","1,241.00","389.88K","0.48"
"Sep 09, 2015","1,249.00","1,250.00","1,260.00","1,238.00","329.14K","0.89"
"Sep 08, 2015","1,238.00","1,237.00","1,250.00","1,234.00","75.88K","0.08"
"Sep 07, 2015","1,237.00","1,242.00","1,243.00","1,225.00","91.42K","-1.67"
"Sep 04, 2015","1,258.00","1,259.00","1,260.00","1,255.00","152.86K","-0.16"
"Sep 03, 2015","1,260.00","1,251.00","1,265.00","1,251.00","479.11K","0.80"
"Sep 02, 2015","1,250.00","1,240.00","1,255.00","1,230.00","363.04K","-1.57"
"Sep 01, 2015","1,270.00","1,268.00","1,276.00","1,265.00","644.85K","0.00"
"Aug 28, 2015","1,270.00","1,240.00","1,270.00","1,225.00","417.39K","3.25"
"Aug 27, 2015","1,230.00","1,200.00","1,243.00","1,190.00","562.49K","3.36"
"Aug 26, 2015","1,190.00","1,200.00","1,210.00","1,166.00","824.07K","0.85"
"Aug 25, 2015","1,180.00","1,130.00","1,200.00","1,120.00","359.62K","3.87"
"Aug 24, 2015","1,136.00","1,205.00","1,205.00","1,120.00","668.67K","-10.13"
"Aug 20, 2015","1,264.00","1,289.00","1,289.00","1,255.00","354.36K","-2.02"
"Aug 19, 2015","1,290.00","1,288.00","1,295.00","1,283.00","354.91K","-0.31"
"Aug 18, 2015","1,294.00","1,304.00","1,305.00","1,289.00","209.13K","-1.22"
"Aug 17, 2015","1,310.00","1,314.00","1,321.00","1,305.00","167.87K","-0.15"
"Aug 14, 2015","1,312.00","1,318.00","1,325.00","1,312.00","134.25K","-0.46"
"Aug 13, 2015","1,318.00","1,343.00","1,343.00","1,301.00","523.81K","-2.51"
"Aug 12, 2015","1,352.00","1,360.00","1,360.00","1,346.00","177.06K","-1.31"
"Aug 11, 2015","1,370.00","1,375.00","1,379.00","1,360.00","391.18K","-1.23"
"Aug 10, 2015","1,387.00","1,388.00","1,391.00","1,375.00","243.30K","-0.07"
"Aug 07, 2015","1,388.00","1,430.00","1,430.00","1,376.00","167.38K","-2.94"
"Aug 06, 2015","1,430.00","1,440.00","1,449.00","1,427.00","144.87K","0.07"
"Aug 05, 2015","1,429.00","1,400.00","1,439.00","1,394.00","197.92K","1.35"
"Aug 04, 2015","1,410.00","1,376.00","1,419.00","1,376.00","34.51K","0.43"
"Aug 03, 2015","1,404.00","1,409.00","1,409.00","1,372.00","350.49K","0.29"
"Jul 31, 2015","1,400.00","1,410.00","1,410.00","1,375.00","254.34K","1.08"
"Jul 30, 2015","1,385.00","1,356.00","1,388.00","1,356.00","155.85K","-0.36"
"Jul 29, 2015","1,390.00","1,373.00","1,398.00","1,371.00","117.36K","0.65"
"Jul 28, 2015","1,381.00","1,390.00","1,390.00","1,378.00","312.50K","-1.36"
"Jul 27, 2015","1,400.00","1,396.00","1,402.00","1,393.00","79.96K","-0.71"
"Jul 24, 2015","1,410.00","1,406.00","1,420.00","1,401.00","172.71K","0.28"
"Jul 23, 2015","1,406.00","1,404.00","1,409.00","1,386.00","111.44K","-0.57"
"Jul 22, 2015","1,414.00","1,378.00","1,414.00","1,378.00","278.97K","2.46"
"Jul 21, 2015","1,380.00","1,374.00","1,386.00","1,374.00","67.46K","0.36"
"Jul 20, 2015","1,375.00","1,380.00","1,392.00","1,370.00","176.87K","-0.36"
"Jul 16, 2015","1,380.00","1,370.00","1,384.00","1,365.00","134.23K","0.73"
"Jul 15, 2015","1,370.00","1,359.00","1,370.00","1,358.00","85.60K","0.37"
"Jul 14, 2015","1,365.00","1,374.00","1,374.00","1,359.00","147.53K","0.07"
"Jul 13, 2015","1,364.00","1,315.00","1,364.00","1,315.00","27.52K","3.73"
"Jul 10, 2015","1,315.00","1,310.00","1,319.00","1,300.00","122.36K","0.00"
"Jul 09, 2015","1,315.00","1,324.00","1,329.00","1,313.00","319.71K","-1.42"
"Jul 08, 2015","1,334.00","1,339.00","1,339.00","1,330.00","229.37K","-0.37"
"Jul 07, 2015","1,339.00","1,343.00","1,346.00","1,337.00","233.61K","-0.30"
"Jul 06, 2015","1,343.00","1,350.00","1,354.00","1,343.00","190.12K","-0.15"
"Jul 03, 2015","1,345.00","1,358.00","1,370.00","1,345.00","135.00K","-1.03"
"Jul 02, 2015","1,359.00","1,380.00","1,384.00","1,352.00","218.85K","-1.81"
"Jul 01, 2015","1,384.00","1,366.00","1,391.00","1,346.00","79.91K","1.32"
"Jun 30, 2015","1,366.00","1,348.00","1,369.00","1,348.00","197.00K","0.15"
"Jun 29, 2015","1,364.00","1,350.00","1,372.00","1,350.00","177.59K","-0.51"
"Jun 26, 2015","1,371.00","1,384.00","1,384.00","1,357.00","173.61K","-0.07"
"Jun 25, 2015","1,372.00","1,391.00","1,391.00","1,369.00","154.64K","-0.80"
"Jun 24, 2015","1,383.00","1,384.00","1,384.00","1,365.00","63.21K","-0.07"
"Jun 23, 2015","1,384.00","1,390.00","1,396.00","1,380.00","199.23K","0.29"
"Jun 22, 2015","1,380.00","1,390.00","1,395.00","1,310.00","83.29K","-0.72"
"Jun 19, 2015","1,390.00","1,380.00","1,390.00","1,368.00","139.04K","1.68"
"Jun 18, 2015","1,367.00","1,365.00","1,386.00","1,365.00","251.17K","0.07"
"Jun 17, 2015","1,366.00","1,380.00","1,380.00","1,358.00","152.97K","-0.51"
"Jun 16, 2015","1,373.00","1,358.00","1,386.00","1,355.00","336.61K","1.33"
"Jun 15, 2015","1,355.00","1,360.00","1,373.00","1,354.00","214.98K","0.30"
"Jun 11, 2015","1,351.00","1,320.00","1,353.00","1,320.00","319.79K","3.84"
"Jun 10, 2015","1,301.00","1,300.00","1,323.00","1,287.00","269.60K","0.08"
"Jun 09, 2015","1,300.00","1,351.00","1,351.00","1,290.00","278.32K","-3.92"
"Jun 08, 2015","1,353.00","1,358.00","1,358.00","1,348.00","126.62K","-2.31"
"Jun 05, 2015","1,385.00","1,333.00","1,385.00","1,333.00","282.70K","2.44"
"Jun 04, 2015","1,352.00","1,331.00","1,361.00","1,331.00","107.30K","1.65"
"Jun 03, 2015","1,330.00","1,376.00","1,376.00","1,330.00","254.79K","-2.21"
"Jun 02, 2015","1,360.00","1,380.00","1,380.00","1,340.00","378.47K","-1.45"
"Jun 01, 2015","1,380.00","1,390.00","1,390.00","1,362.00","506.91K","-1.15"
"May 29, 2015","1,396.00","1,385.00","1,396.00","1,371.00","6.60M","0.79"
"May 28, 2015","1,385.00","1,421.00","1,421.00","1,365.00","603.91K","-1.07"
"May 27, 2015","1,400.00","1,438.00","1,438.00","1,370.00","581.86K","-1.89"
"May 26, 2015","1,427.00","1,426.00","1,439.00","1,426.00","596.88K","0.07"
"May 25, 2015","1,426.00","1,428.00","1,440.00","1,420.00","200.15K","-0.14"
"May 22, 2015","1,428.00","1,449.00","1,449.00","1,416.00","220.76K","-1.11"
"May 21, 2015","1,444.00","1,449.00","1,455.00","1,439.00","256.05K","-0.14"
"May 20, 2015","1,446.00","1,445.00","1,449.00","1,430.00","455.96K","1.12"
"May 19, 2015","1,430.00","1,431.00","1,446.00","1,413.00","284.10K","-0.07"
"May 18, 2015","1,431.00","1,412.00","1,438.00","1,412.00","452.65K","1.49"
"May 15, 2015","1,410.00","1,404.00","1,417.00","1,404.00","442.23K","0.50"
"May 14, 2015","1,403.00","1,405.00","1,410.00","1,397.00","600.35K","0.94"
"May 13, 2015","1,390.00","1,375.00","1,405.00","1,375.00","1.09M","6.68"
"May 12, 2015","1,303.00","1,285.00","1,310.00","1,285.00","322.25K","0.23"
"May 11, 2015","1,300.00","1,293.00","1,306.00","1,293.00","100.47K","0.54"
"May 08, 2015","1,293.00","1,295.00","1,305.00","1,288.00","197.78K","-0.15"
"May 07, 2015","1,295.00","1,320.00","1,320.00","1,285.00","278.92K","-1.89"
"May 06, 2015","1,320.00","1,320.00","1,330.00","1,305.00","213.09K","0.38"
"May 05, 2015","1,315.00","1,285.00","1,318.00","1,285.00","259.01K","3.30"
"May 04, 2015","1,273.00","1,264.00","1,279.00","1,254.00","230.26K","1.35"
"Apr 30, 2015","1,256.00","1,295.00","1,297.00","1,244.00","465.03K","-2.26"
"Apr 29, 2015","1,285.00","1,295.00","1,314.00","1,280.00","322.66K","-0.85"
"Apr 28, 2015","1,296.00","1,326.00","1,327.00","1,290.00","257.64K","-3.28"
"Apr 27, 2015","1,340.00","1,345.00","1,361.00","1,333.00","125.60K","0.15"
"Apr 24, 2015","1,338.00","1,353.00","1,361.00","1,335.00","95.86K","-0.89"
"Apr 23, 2015","1,350.00","1,292.00","1,350.00","1,292.00","277.55K","5.47"
"Apr 22, 2015","1,280.00","1,247.00","1,280.00","1,247.00","152.84K","4.07"
"Apr 21, 2015","1,230.00","1,255.00","1,267.00","1,218.00","417.07K","-1.05"
"Apr 20, 2015","1,243.00","1,295.00","1,299.00","1,235.00","491.24K","-4.09"
"Apr 17, 2015","1,296.00","1,330.00","1,332.00","1,296.00","513.96K","-2.56"
"Apr 16, 2015","1,330.00","1,346.00","1,350.00","1,310.00","492.20K","-1.19"
"Apr 15, 2015","1,346.00","1,370.00","1,395.00","1,312.00","512.81K","-1.75"
"Apr 14, 2015","1,370.00","1,335.00","1,391.00","1,335.00","315.11K","1.93"
"Apr 13, 2015","1,344.00","1,337.00","1,359.00","1,327.00","455.36K","0.60"
"Apr 10, 2015","1,336.00","1,344.00","1,360.00","1,328.00","328.58K","-0.60"
"Apr 08, 2015","1,344.00","1,352.00","1,360.00","1,335.00","150.15K","-0.15"
"Apr 07, 2015","1,346.00","1,380.00","1,382.00","1,335.00","170.79K","-2.46"
"Apr 06, 2015","1,380.00","1,380.00","1,390.00","1,378.00","99.77K","0.00"
"Apr 01, 2015","1,380.00","1,338.00","1,380.00","1,329.00","211.74K","3.14"
"Mar 31, 2015","1,338.00","1,325.00","1,339.00","1,318.00","154.31K","1.06"
"Mar 30, 2015","1,324.00","1,350.00","1,350.00","1,324.00","56.01K","0.23"
"Mar 27, 2015","1,321.00","1,331.00","1,352.00","1,321.00","50.23K","-0.75"
"Mar 26, 2015","1,331.00","1,320.00","1,364.00","1,310.00","238.68K","0.83"
"Mar 25, 2015","1,320.00","1,304.00","1,330.00","1,300.00","232.00K","1.85"
"Mar 24, 2015","1,296.00","1,298.00","1,302.00","1,290.00","211.47K","-0.46"
"Mar 23, 2015","1,302.00","1,308.00","1,319.00","1,297.00","303.56K","-0.46"
"Mar 20, 2015","1,308.00","1,320.00","1,320.00","1,308.00","230.34K","-1.28"
"Mar 19, 2015","1,325.00","1,325.00","1,337.00","1,322.00","279.49K","0.38"
"Mar 18, 2015","1,320.00","1,316.00","1,350.00","1,315.00","250.74K","0.30"
"Mar 17, 2015","1,316.00","1,330.00","1,334.00","1,300.00","155.30K","-1.13"
"Mar 16, 2015","1,331.00","1,340.00","1,340.00","1,315.00","169.82K","0.08"
"Mar 13, 2015","1,330.00","1,310.00","1,340.00","1,310.00","146.91K","1.92"
"Mar 12, 2015","1,305.00","1,260.00","1,309.00","1,260.00","249.33K","3.57"
"Mar 11, 2015","1,260.00","1,263.00","1,263.00","1,248.00","267.97K","-0.87"
"Mar 10, 2015","1,271.00","1,274.00","1,285.00","1,264.00","79.28K","-0.31"
"Mar 09, 2015","1,275.00","1,290.00","1,294.00","1,266.00","144.65K","-1.32"
"Mar 06, 2015","1,292.00","1,300.00","1,308.00","1,280.00","151.25K","1.57"
"Mar 05, 2015","1,272.00","1,287.00","1,295.00","1,272.00","93.29K","-0.39"
"Mar 04, 2015","1,277.00","1,260.00","1,294.00","1,240.00","88.88K","1.43"
"Mar 03, 2015","1,259.00","1,215.00","1,275.00","1,215.00","319.77K","3.79"
"Mar 02, 2015","1,213.00","1,180.00","1,215.00","1,180.00","88.03K","2.80"
"Feb 27, 2015","1,180.00","1,200.00","1,200.00","1,180.00","72.22K","-1.17"
"Feb 26, 2015","1,194.00","1,198.00","1,198.00","1,187.00","83.90K","-0.33"
"Feb 25, 2015","1,198.00","1,209.00","1,209.00","1,190.00","105.59K","0.00"
"Feb 24, 2015","1,198.00","1,200.00","1,203.00","1,197.00","207.72K","-0.17"
"Feb 23, 2015","1,200.00","1,205.00","1,205.00","1,199.00","98.47K","-0.41"
"Feb 20, 2015","1,205.00","1,199.00","1,205.00","1,189.00","62.19K","1.18"
"Feb 18, 2015","1,191.00","1,200.00","1,201.00","1,191.00","98.14K","-0.33"
"Feb 17, 2015","1,195.00","1,200.00","1,200.00","1,190.00","142.19K","-0.42"
"Feb 16, 2015","1,200.00","1,217.00","1,219.00","1,193.00","133.44K","-0.41"
"Feb 13, 2015","1,205.00","1,200.00","1,220.00","1,198.00","397.94K","0.58"
"Feb 12, 2015","1,198.00","1,195.00","1,210.00","1,180.00","165.64K","-0.58"
"Feb 11, 2015","1,205.00","1,200.00","1,226.00","1,200.00","334.67K","0.42"
"Feb 10, 2015","1,200.00","1,188.00","1,200.00","1,185.00","278.42K","1.10"
"Feb 09, 2015","1,187.00","1,180.00","1,193.00","1,167.00","228.34K","1.02"
"Feb 06, 2015","1,175.00","1,190.00","1,190.00","1,165.00","207.47K","-0.42"
"Feb 05, 2015","1,180.00","1,200.00","1,200.00","1,178.00","129.12K","-2.48"
"Feb 04, 2015","1,210.00","1,200.00","1,225.00","1,198.00","438.43K","0.83"
"Feb 03, 2015","1,200.00","1,150.00","1,225.00","1,144.00","599.36K","1.69"
"Feb 02, 2015","1,180.00","1,212.00","1,212.00","1,150.00","229.14K","-2.48"
"Jan 30, 2015","1,210.00","1,212.00","1,212.00","1,179.00","195.54K","0.00"
"Jan 29, 2015","1,210.00","1,193.00","1,220.00","1,193.00","385.87K","1.51"
"Jan 28, 2015","1,192.00","1,175.00","1,192.00","1,174.00","83.40K","0.34"
"Jan 27, 2015","1,188.00","1,175.00","1,191.00","1,174.00","159.17K","1.02"
"Jan 26, 2015","1,176.00","1,176.00","1,186.00","1,166.00","111.20K","0.26"
"Jan 23, 2015","1,173.00","1,170.00","1,183.00","1,167.00","242.65K","0.34"
"Jan 22, 2015","1,169.00","1,146.00","1,170.00","1,140.00","464.39K","0.26"
"Jan 21, 2015","1,166.00","1,178.00","1,178.00","1,100.00","111.74K","1.48"
"Jan 20, 2015","1,149.00","1,129.00","1,173.00","1,110.00","343.38K","1.68"
"Jan 19, 2015","1,130.00","1,100.00","1,137.00","1,100.00","261.19K","2.36"
"Jan 14, 2015","1,104.00","1,100.00","1,120.00","1,099.00","88.56K","0.64"
"Jan 13, 2015","1,097.00","1,100.00","1,100.00","1,095.00","28.73K","-0.18"
"Jan 12, 2015","1,099.00","1,108.00","1,108.00","1,090.00","151.89K","-0.99"
"Jan 09, 2015","1,110.00","1,100.00","1,131.00","1,095.00","260.74K","2.59"
"Jan 08, 2015","1,082.00","1,080.00","1,090.00","1,079.00","216.27K","0.09"
"Jan 07, 2015","1,081.00","1,085.00","1,085.00","1,079.00","270.10K","-0.37"
"Jan 06, 2015","1,085.00","1,097.00","1,097.00","1,075.00","305.92K","-1.36"
"Jan 05, 2015","1,100.00","1,040.00","1,100.00","1,040.00","105.65K","6.59"
"Dec 29, 2014","1,032.00","1,090.00","1,123.00","1,032.00","142.55K","-5.32"
"Dec 23, 2014","1,090.00","1,085.00","1,105.00","1,085.00","34.00K","0.09"
"Dec 22, 2014","1,089.00","1,085.00","1,095.00","1,070.00","36.29K","0.37"
"Dec 19, 2014","1,085.00","1,110.00","1,110.00","1,068.00","170.51K","0.37"
"Dec 18, 2014","1,081.00","1,101.00","1,102.00","1,065.00","130.75K","-0.83"
"Dec 17, 2014","1,090.00","1,101.00","1,104.00","1,040.00","240.41K","-0.46"
"Dec 16, 2014","1,095.00","1,082.00","1,110.00","1,082.00","97.67K","-2.23"
"Dec 15, 2014","1,120.00","1,110.00","1,120.00","1,079.00","153.20K","0.00"
"Dec 12, 2014","1,120.00","1,100.00","1,120.00","1,100.00","137.28K","1.82"
"Dec 11, 2014","1,100.00","1,100.00","1,101.00","1,078.00","202.94K","-0.09"
"Dec 10, 2014","1,101.00","1,090.00","1,108.00","1,075.00","238.41K","0.55"
"Dec 09, 2014","1,095.00","1,070.00","1,110.00","1,070.00","205.40K","1.39"
"Dec 05, 2014","1,080.00","1,089.00","1,089.00","1,072.00","174.24K","-0.83"
"Dec 04, 2014","1,089.00","1,088.00","1,089.00","1,078.00","299.62K","0.46"
"Dec 03, 2014","1,084.00","1,080.00","1,086.00","1,076.00","285.78K","1.40"
"Dec 02, 2014","1,069.00","1,078.00","1,096.00","1,052.00","234.42K","1.33"
"Dec 01, 2014","1,055.00","1,080.00","1,095.00","1,055.00","147.18K","-2.31"
"Nov 28, 2014","1,080.00","1,077.00","1,092.00","1,070.00","47.64K","0.93"
"Nov 27, 2014","1,070.00","1,078.00","1,078.00","1,060.00","143.43K","-0.74"
"Nov 26, 2014","1,078.00","1,089.00","1,089.00","1,073.00","72.20K","1.70"
"Nov 25, 2014","1,060.00","1,081.00","1,098.00","1,049.00","424.71K","-0.47"
"Nov 24, 2014","1,065.00","1,096.00","1,127.00","1,063.00","179.11K","-3.01"
"Nov 21, 2014","1,098.00","1,100.00","1,110.00","1,095.00","326.34K","0.00"
"Nov 20, 2014","1,098.00","1,099.00","1,103.00","1,090.00","287.35K","0.73"
"Nov 19, 2014","1,090.00","1,135.00","1,148.00","1,090.00","176.64K","-3.96"
"Nov 18, 2014","1,135.00","1,092.00","1,140.00","1,092.00","141.42K","3.94"
"Nov 17, 2014","1,092.00","1,080.00","1,100.00","1,075.00","166.98K","1.68"
"Nov 14, 2014","1,074.00","1,069.00","1,080.00","1,050.00","262.66K","0.47"
"Nov 13, 2014","1,069.00","1,067.00","1,090.00","1,060.00","52.03K","1.62"
"Nov 12, 2014","1,052.00","1,036.00","1,065.00","1,035.00","446.90K","1.84"
"Nov 11, 2014","1,033.00","1,050.00","1,050.00","1,018.00","153.70K","-1.62"
"Nov 10, 2014","1,050.00","1,038.00","1,050.00","1,030.00","214.32K","1.16"
"Nov 07, 2014","1,038.00","1,067.00","1,067.00","1,021.00","124.48K","-2.99"
"Nov 06, 2014","1,070.00","1,043.00","1,110.00","1,043.00","283.25K","2.59"
"Nov 05, 2014","1,043.00","1,050.00","1,050.00","1,041.00","103.13K","0.29"
"Nov 04, 2014","1,040.00","1,030.00","1,043.00","1,030.00","306.13K","1.56"
"Nov 03, 2014","1,024.00","1,010.00","1,025.00","1,010.00","529.65K","1.39"
"Oct 31, 2014","1,010.00","1,010.00","1,014.00","1,006.00","154.45K","0.00"
"Oct 30, 2014","1,010.00","1,008.00","1,025.00","1,008.00","233.68K","-0.79"
"Oct 29, 2014","1,018.00","1,015.00","1,029.00","1,015.00","29.14K","0.39"
"Oct 28, 2014","1,014.00","1,033.00","1,033.00","1,004.00","292.11K","-0.98"
"Oct 27, 2014","1,024.00","1,042.00","1,042.00","1,021.00","296.77K","-1.44"
"Oct 24, 2014","1,039.00","1,046.00","1,047.00","1,037.00","283.06K","-0.86"
"Oct 23, 2014","1,048.00","1,034.00","1,054.00","1,034.00","110.68K","-0.66"
"Oct 22, 2014","1,055.00","1,075.00","1,075.00","1,049.00","109.42K","0.00"
"Oct 21, 2014","1,055.00","1,038.00","1,068.00","1,038.00","188.04K","1.64"
"Oct 20, 2014","1,038.00","1,030.00","1,038.00","1,030.00","142.53K","0.97"
"Oct 17, 2014","1,028.00","1,040.00","1,040.00","1,016.00","167.01K","-1.15"
"Oct 16, 2014","1,040.00","1,050.00","1,050.00","1,036.00","199.11K","-0.95"
"Oct 15, 2014","1,050.00","1,052.00","1,057.00","1,049.00","318.54K","0.19"
"Oct 14, 2014","1,048.00","1,045.00","1,050.00","1,035.00","451.66K","-0.19"
"Oct 13, 2014","1,050.00","1,077.00","1,077.00","1,048.00","415.18K","-2.78"
"Oct 10, 2014","1,080.00","1,080.00","1,088.00","1,060.00","374.83K","0.00"
"Oct 09, 2014","1,080.00","1,085.00","1,090.00","1,080.00","74.78K","0.00"
"Oct 08, 2014","1,080.00","1,063.00","1,082.00","1,063.00","119.97K","0.65"
"Oct 07, 2014","1,073.00","1,060.00","1,089.00","1,040.00","212.68K","1.23"
"Oct 03, 2014","1,060.00","1,034.00","1,060.00","1,034.00","183.12K","2.51"
"Oct 02, 2014","1,034.00","1,030.00","1,036.00","1,015.00","215.55K","-0.10"
"Oct 01, 2014","1,035.00","1,059.00","1,059.00","1,030.00","125.56K","-2.36"
"Sep 30, 2014","1,060.00","1,030.00","1,060.00","1,030.00","149.17K","3.92"
"Sep 29, 2014","1,020.00","1,011.00","1,030.00","1,010.00","104.83K","0.99"
"Sep 26, 2014","1,010.00","1,027.00","1,027.00","1,002.00","43.14K","-1.66"
"Sep 25, 2014","1,027.00","1,025.00","1,045.00","1,025.00","193.49K","0.20"
"Sep 24, 2014","1,025.00","1,012.00","1,030.00","1,012.00","78.73K","1.28"
"Sep 23, 2014","1,012.00","1,000.00","1,018.00","1,000.00","65.95K","1.20"
"Sep 22, 2014","1,000.00","981.00","1,006.00","981.00","199.70K","1.94"
"Sep 18, 2014","981.00","965.00","981.00","958.00","7.96K","0.10"
"Sep 17, 2014","980.00","980.00","980.00","975.00","87.24K","0.36"
"Sep 16, 2014","976.50","975.00","980.00","974.00","46.91K","0.15"
"Sep 15, 2014","975.00","974.00","978.50","973.00","108.81K","1.56"
"Sep 12, 2014","960.00","960.50","974.00","960.00","22.02K","0.00"
"Sep 11, 2014","960.00","981.00","981.00","960.00","98.89K","-2.14"
"Sep 10, 2014","981.00","981.50","985.50","980.00","46.51K","0.00"
"Sep 09, 2014","981.00","992.00","993.00","980.00","120.59K","-1.11"
"Sep 08, 2014","992.00","971.00","992.50","971.00","149.82K","2.27"
"Sep 05, 2014","970.00","980.00","980.00","955.00","372.28K","0.00"
"Sep 04, 2014","970.00","964.50","975.00","964.50","63.29K","0.57"
"Sep 03, 2014","964.50","961.00","965.00","961.00","54.06K","0.47"
"Sep 02, 2014","960.00","970.00","970.00","960.00","120.15K","-1.03"
"Sep 01, 2014","970.00","950.00","980.00","950.00","106.97K","3.19"
"Aug 29, 2014","940.00","960.00","960.00","925.00","51.96K","-0.79"
"Aug 28, 2014","947.50","944.00","965.00","944.00","131.02K","0.37"
"Aug 27, 2014","944.00","924.00","945.00","924.00","131.25K","2.16"
"Aug 26, 2014","924.00","945.00","945.00","923.00","136.72K","-2.22"
"Aug 22, 2014","945.00","970.00","975.00","940.00","271.49K","-1.56"
"Aug 20, 2014","960.00","940.00","965.00","940.00","138.45K","1.05"
"Aug 19, 2014","950.00","934.00","957.00","930.00","303.84K","2.70"
"Aug 18, 2014","925.00","915.00","925.00","915.00","261.98K","1.20"
"Aug 15, 2014","914.00","925.50","935.00","910.00","71.87K","-1.19"
"Aug 14, 2014","925.00","897.00","925.00","896.50","184.58K","3.29"
"Aug 13, 2014","895.50","888.50","895.50","887.50","282.08K","0.79"
"Aug 12, 2014","888.50","886.00","893.50","886.00","104.01K","-0.17"
"Aug 11, 2014","890.00","895.00","895.00","880.00","49.42K","-0.06"
"Aug 08, 2014","890.50","893.00","894.50","890.00","101.85K","-0.45"
"Aug 07, 2014","894.50","880.00","896.00","879.00","38.63K","1.30"
"Aug 06, 2014","883.00","888.00","888.00","876.00","13.12K","-0.56"
"Aug 05, 2014","888.00","888.00","890.50","887.50","57.88K","0.06"
"Aug 04, 2014","887.50","890.50","892.50","884.50","15.82K","0.28"
"Aug 01, 2014","885.00","889.50","889.50","880.00","104.67K","-0.56"
"Jul 31, 2014","890.00","882.00","890.00","882.00","193.84K","1.14"
"Jul 30, 2014","880.00","878.00","880.00","878.00","196.79K","0.23"
"Jul 28, 2014","878.00","874.00","882.00","872.00","99.96K","0.40"
"Jul 25, 2014","874.50","873.00","875.00","871.00","59.70K","0.17"
"Jul 24, 2014","873.00","861.50","875.00","861.50","21.69K","-0.68"
"Jul 23, 2014","879.00","885.00","885.00","873.00","14.87K","-0.17"
"Jul 22, 2014","880.50","880.00","881.50","878.00","66.11K","0.06"
"Jul 21, 2014","880.00","880.00","884.00","880.00","47.32K","0.00"
"Jul 18, 2014","880.00","876.00","880.00","875.00","96.26K","0.23"
"Jul 17, 2014","878.00","874.00","880.50","874.00","368.06K","0.80"
"Jul 15, 2014","871.00","875.00","875.00","865.00","22.48K","-0.46"
"Jul 14, 2014","875.00","878.00","878.00","870.00","112.70K","-0.28"
"Jul 11, 2014","877.50","875.00","877.50","872.00","123.51K","0.40"
"Jul 10, 2014","874.00","870.00","874.00","869.00","101.50K","1.63"
"Jul 09, 2014","860.00","875.00","875.00","857.00","34.92K","-1.49"
"Jul 08, 2014","873.00","865.00","873.00","855.00","42.70K","0.00"
"Jul 07, 2014","873.00","873.50","875.00","870.00","79.85K","0.11"
"Jul 04, 2014","872.00","866.00","875.00","866.00","48.03K","0.69"
"Jul 03, 2014","866.00","872.00","872.50","860.00","70.90K","0.12"
"Jul 02, 2014","865.00","860.00","870.00","855.00","107.06K","0.58"
"Jul 01, 2014","860.00","869.50","869.50","853.00","47.61K","-1.15"
"Jun 30, 2014","870.00","856.00","873.00","856.00","239.99K","1.64"
"Jun 27, 2014","856.00","840.00","858.50","837.00","57.13K","1.90"
"Jun 26, 2014","840.00","842.00","847.00","840.00","464.98K","-0.47"
"Jun 25, 2014","844.00","851.50","852.00","844.00","425.70K","-0.88"
"Jun 24, 2014","851.50","845.00","852.00","845.00","278.88K","0.77"
"Jun 23, 2014","845.00","840.00","845.00","840.00","161.50K","0.00"
"Jun 20, 2014","845.00","840.00","860.00","838.00","65.55K","0.60"
"Jun 19, 2014","840.00","842.00","843.00","838.00","143.25K","-0.24"
"Jun 18, 2014","842.00","856.00","857.50","842.00","115.32K","-1.52"
"Jun 17, 2014","855.00","840.00","857.00","840.00","271.43K","-0.58"
"Jun 16, 2014","860.00","865.50","865.50","860.00","46.34K","-0.58"
"Jun 13, 2014","865.00","871.00","871.00","862.00","149.17K","-0.69"
"Jun 11, 2014","871.00","865.00","877.00","864.50","158.40K","1.28"
"Jun 10, 2014","860.00","850.00","862.00","850.00","278.47K","1.78"
"Jun 09, 2014","845.00","860.00","860.00","838.00","8.51K","-1.74"
"Jun 06, 2014","860.00","859.00","860.00","857.00","20.61K","0.12"
"Jun 05, 2014","859.00","850.00","860.00","845.00","87.00K","1.06"
"Jun 04, 2014","850.00","855.00","855.00","848.50","73.98K","-1.05"
"Jun 03, 2014","859.00","855.50","863.00","855.50","128.96K","0.47"
"Jun 02, 2014","855.00","845.00","859.50","845.00","30.60K","-0.06"
"May 30, 2014","855.50","860.00","860.00","840.00","63.30K","1.18"
"May 29, 2014","845.50","869.00","869.00","845.00","121.21K","-0.88"
"May 28, 2014","853.00","850.00","854.00","850.00","39.96K","1.91"
"May 27, 2014","837.00","850.00","850.00","833.00","50.36K","-1.53"
"May 26, 2014","850.00","855.50","856.50","838.50","32.83K","-0.58"
"May 23, 2014","855.00","850.00","855.00","841.50","186.24K","0.71"
"May 22, 2014","849.00","849.00","849.00","836.00","102.76K","0.00"
"May 21, 2014","849.00","850.00","850.00","833.00","55.34K","0.83"
"May 20, 2014","842.00","848.50","873.00","842.00","89.09K","-0.71"
"May 19, 2014","848.00","836.00","875.00","835.50","74.97K","1.50"
"May 16, 2014","835.50","857.00","860.00","835.00","150.38K","-2.51"
"May 15, 2014","857.00","887.00","887.00","857.00","166.77K","-3.38"
"May 14, 2014","887.00","888.00","890.00","875.00","209.27K","-0.11"
"May 13, 2014","888.00","876.50","888.00","876.50","155.42K","1.31"
"May 12, 2014","876.50","869.00","881.50","869.00","116.36K","0.86"
"May 09, 2014","869.00","868.00","875.00","865.00","96.12K","0.12"
"May 08, 2014","868.00","872.00","872.00","861.00","161.75K","-0.74"
"May 07, 2014","874.50","875.00","880.00","870.00","273.54K","-0.63"
"May 06, 2014","880.00","880.50","880.50","870.00","22.56K","-0.06"
"May 05, 2014","880.50","879.50","881.50","860.00","398.25K","0.11"
"May 02, 2014","879.50","868.00","879.50","863.00","267.27K","1.44"
"Apr 30, 2014","867.00","850.00","867.00","850.00","223.89K","1.17"
"Apr 29, 2014","857.00","844.00","859.00","844.00","168.28K","0.82"
"Apr 28, 2014","850.00","850.50","858.00","842.00","84.07K","-0.82"
"Apr 25, 2014","857.00","857.00","860.00","857.00","181.84K","0.23"
"Apr 24, 2014","855.00","855.00","859.00","850.00","278.32K","-0.12"
"Apr 23, 2014","856.00","859.50","861.00","855.00","292.30K","0.23"
"Apr 22, 2014","854.00","851.00","860.00","850.50","290.59K","0.12"
"Apr 21, 2014","853.00","846.00","860.00","846.00","104.82K","1.01"
"Apr 16, 2014","844.50","835.00","845.50","835.00","159.80K","1.20"
"Apr 15, 2014","834.50","830.00","835.00","830.00","83.39K","0.72"
"Apr 14, 2014","828.50","828.50","829.50","826.50","239.67K","0.00"
"Apr 11, 2014","828.50","832.50","832.50","826.00","167.48K","-0.72"
"Apr 10, 2014","834.50","820.00","837.00","818.00","192.02K","1.64"
"Apr 08, 2014","821.00","820.50","821.50","820.00","273.19K","-1.08"
"Apr 07, 2014","830.00","829.50","832.00","829.50","241.21K","0.06"
"Apr 04, 2014","829.50","820.00","836.00","820.00","171.77K","1.16"
"Apr 03, 2014","820.00","820.00","820.00","815.00","153.95K","0.00"
"Apr 02, 2014","820.00","800.00","823.00","800.00","414.93K","2.76"
"Apr 01, 2014","798.00","785.50","799.00","785.00","249.55K","1.59"
"Mar 31, 2014","785.50","800.00","805.00","784.00","632.14K","-0.57"
"Mar 28, 2014","790.00","800.00","804.00","785.00","475.76K","-1.00"
"Mar 27, 2014","798.00","800.00","800.00","797.50","251.20K","-0.37"
"Mar 26, 2014","801.00","801.50","802.00","800.00","173.72K","-0.06"
"Mar 25, 2014","801.50","808.50","808.50","800.50","179.41K","-1.54"
"Mar 24, 2014","814.00","819.00","820.00","808.00","222.46K","0.68"
"Mar 21, 2014","808.50","826.00","850.00","808.50","1.43M","-2.12"
"Mar 20, 2014","826.00","824.50","828.00","815.00","154.72K","-1.14"
"Mar 19, 2014","835.50","823.00","840.50","823.00","219.28K","1.46"
"Mar 18, 2014","823.50","813.50","826.50","813.50","270.84K","1.42"
"Mar 17, 2014","812.00","813.00","813.00","808.00","292.67K","0.00"
"Mar 14, 2014","812.00","800.50","812.00","796.50","85.77K","0.68"
"Mar 13, 2014","806.50","800.50","807.00","800.50","73.65K","0.00"
"Mar 12, 2014","806.50","804.00","807.00","800.00","151.58K","0.69"
"Mar 11, 2014","801.00","800.50","803.50","795.00","292.58K","0.06"
"Mar 10, 2014","800.50","804.00","805.00","798.50","98.65K","-0.31"
"Mar 07, 2014","803.00","802.50","808.00","799.00","119.75K","0.31"
"Mar 06, 2014","800.50","799.00","811.00","799.00","510.45K","2.30"
"Mar 05, 2014","782.50","797.00","797.00","781.50","116.68K","-0.19"
"Mar 04, 2014","784.00","790.00","791.00","783.50","146.77K","-1.13"
"Mar 03, 2014","793.00","797.50","797.50","790.00","76.98K","-0.75"
"Feb 28, 2014","799.00","797.50","800.00","797.00","185.54K","0.06"
"Feb 27, 2014","798.50","802.00","802.50","797.00","92.95K","-0.19"
"Feb 26, 2014","800.00","795.00","801.00","792.00","201.13K","0.25"
"Feb 25, 2014","798.00","772.00","801.00","772.00","318.80K","1.66"
"Feb 24, 2014","785.00","794.00","797.00","783.00","91.29K","-0.13"
"Feb 21, 2014","786.00","794.00","794.00","776.00","83.32K","-1.01"
"Feb 20, 2014","794.00","795.00","796.00","779.00","193.22K","0.76"
"Feb 19, 2014","788.00","770.00","790.00","770.00","165.80K","2.20"
"Feb 18, 2014","771.00","761.00","771.00","761.00","22.06K","1.31"
"Feb 17, 2014","761.00","754.00","761.00","750.00","78.52K","1.74"
"Feb 14, 2014","748.00","741.50","752.00","741.50","22.61K","0.94"
"Feb 13, 2014","741.00","746.00","746.00","740.00","206.20K","-1.66"
"Feb 12, 2014","753.50","743.00","757.00","743.00","198.60K","1.28"
"Feb 11, 2014","744.00","740.00","746.50","740.00","125.24K","0.54"
"Feb 10, 2014","740.00","749.00","749.00","735.00","245.03K","-1.20"
"Feb 07, 2014","749.00","742.00","751.00","740.00","128.02K","1.90"
"Feb 06, 2014","735.00","724.00","744.00","724.00","106.53K","1.52"
"Feb 05, 2014","724.00","722.00","734.00","722.00","542.77K","0.56"
"Feb 04, 2014","720.00","727.00","727.00","718.00","344.25K","-1.10"
"Feb 03, 2014","728.00","744.00","744.00","727.50","61.63K","-1.69"
"Jan 30, 2014","740.50","745.00","745.00","740.50","73.47K","-0.80"
"Jan 29, 2014","746.50","750.00","750.00","743.00","537.54K","-0.20"
"Jan 28, 2014","748.00","769.50","769.50","747.50","380.27K","-2.86"
"Jan 27, 2014","770.00","780.00","780.00","755.00","255.93K","-1.28"
"Jan 24, 2014","780.00","770.00","780.00","760.00","186.66K","0.65"
"Jan 23, 2014","775.00","772.00","779.00","772.00","137.04K","0.78"
"Jan 22, 2014","769.00","760.00","769.00","760.00","65.36K","1.85"
"Jan 21, 2014","755.00","761.00","761.00","755.00","134.40K","-0.92"
"Jan 20, 2014","762.00","750.00","765.00","750.00","34.77K","0.26"
"Jan 17, 2014","760.00","760.00","763.00","759.50","82.19K","0.07"
"Jan 16, 2014","759.50","750.00","762.50","750.00","188.73K","1.95"
"Jan 15, 2014","745.00","740.50","755.00","740.50","203.01K","0.81"
"Jan 14, 2014","739.00","745.00","752.00","739.00","30.06K","-0.81"
"Jan 13, 2014","745.00","738.50","750.50","738.50","79.11K","0.88"
"Jan 10, 2014","738.50","758.00","758.00","738.50","23.23K","-2.76"
"Jan 09, 2014","759.50","761.00","766.50","757.50","105.57K","-0.98"
"Jan 08, 2014","767.00","767.00","768.00","761.00","115.84K","0.00"
"Jan 07, 2014","767.00","770.00","770.00","761.50","77.22K","0.00"
"Jan 06, 2014","767.00","773.00","774.50","762.50","22.07K","-0.84"
"Jan 03, 2014","773.50","772.00","775.00","772.00","38.85K","0.13"
"Jan 02, 2014","772.50","780.00","783.00","772.00","33.58K","0.06"
"Dec 27, 2013","772.00","775.00","775.00","755.00","93.55K","-0.77"
"Dec 26, 2013","778.00","766.50","782.00","766.50","54.20K","-0.51"
"Dec 23, 2013","782.00","780.00","783.00","760.00","32.83K","0.26"
"Dec 20, 2013","780.00","792.00","792.00","776.00","40.86K","0.52"
"Dec 19, 2013","776.00","796.50","800.00","776.00","137.53K","-2.39"
"Dec 18, 2013","795.00","792.50","795.00","775.00","43.38K","0.32"
"Dec 17, 2013","792.50","765.00","792.50","765.00","59.79K","4.28"
"Dec 16, 2013","760.00","739.00","772.50","739.00","145.66K","1.47"
"Dec 13, 2013","749.00","742.00","749.00","740.00","58.63K","0.88"
"Dec 12, 2013","742.50","745.00","745.00","741.00","286.75K","-0.74"
"Dec 11, 2013","748.00","754.00","754.00","746.00","496.16K","0.40"
"Dec 10, 2013","745.00","750.00","759.00","744.00","440.12K","-0.67"
"Dec 09, 2013","750.00","750.00","763.50","745.00","175.88K","-1.83"
"Dec 06, 2013","764.00","760.00","772.50","755.00","162.71K","-0.52"
"Dec 05, 2013","768.00","762.00","770.00","760.50","55.06K","-0.26"
"Dec 04, 2013","770.00","760.00","772.00","760.00","336.13K","1.32"
"Dec 03, 2013","760.00","756.00","777.00","755.00","118.78K","0.53"
"Dec 02, 2013","756.00","762.00","787.50","756.00","166.94K","0.27"
"Nov 29, 2013","754.00","763.50","763.50","736.00","228.41K","-1.24"
"Nov 28, 2013","763.50","760.50","790.00","760.50","323.61K","0.46"
"Nov 27, 2013","760.00","738.00","760.00","738.00","281.94K","3.54"
"Nov 26, 2013","734.00","740.00","741.00","706.00","819.03K","-0.20"
"Nov 25, 2013","735.50","782.50","782.50","730.00","401.98K","-5.71"
"Nov 22, 2013","780.00","788.50","790.00","775.00","158.33K","-1.70"
"Nov 21, 2013","793.50","800.00","800.00","792.00","219.53K","-0.19"
"Nov 20, 2013","795.00","793.00","799.00","793.00","277.69K","0.32"
"Nov 19, 2013","792.50","800.00","800.00","792.50","560.40K","-0.94"
"Nov 18, 2013","800.00","819.00","819.00","798.00","643.13K","-2.32"
"Nov 15, 2013","819.00","815.00","828.00","815.00","150.93K","0.68"
"Nov 14, 2013","813.50","815.00","820.00","810.50","115.90K","0.43"
"Nov 13, 2013","810.00","820.00","820.00","807.50","78.21K","-1.16"
"Nov 12, 2013","819.50","816.00","823.00","816.00","158.40K","-1.03"
"Nov 11, 2013","828.00","825.00","830.00","815.50","23.16K","-0.24"
"Nov 08, 2013","830.00","830.00","834.00","829.50","144.15K","-1.83"
"Nov 07, 2013","845.50","833.00","858.50","833.00","103.90K","1.50"
"Nov 06, 2013","833.00","832.00","834.00","832.00","216.52K","0.12"
"Nov 05, 2013","832.00","843.00","843.00","832.00","53.39K","-0.95"
"Nov 04, 2013","840.00","856.00","856.00","840.00","239.17K","-1.87"
"Oct 31, 2013","856.00","850.00","869.50","850.00","24.16K","0.71"
"Oct 30, 2013","850.00","845.00","857.00","845.00","148.19K","0.59"
"Oct 29, 2013","845.00","850.00","850.00","840.50","391.23K","-1.52"
"Oct 25, 2013","858.00","863.00","863.00","855.00","225.70K","-1.04"
"Oct 24, 2013","867.00","870.00","870.00","861.00","214.43K","-0.29"
"Oct 23, 2013","869.50","886.50","886.50","867.00","377.19K","-1.31"
"Oct 22, 2013","881.00","884.50","899.00","881.00","150.43K","-0.40"
"Oct 21, 2013","884.50","859.50","884.50","859.50","303.89K","3.33"
"Oct 18, 2013","856.00","844.00","860.00","835.00","213.94K","2.51"
"Oct 17, 2013","835.00","820.00","840.50","811.50","359.94K","3.21"
"Oct 16, 2013","809.00","807.00","814.00","805.00","133.86K","-0.12"
"Oct 14, 2013","810.00","803.50","810.00","798.50","67.80K","0.81"
"Oct 11, 2013","803.50","802.00","806.00","800.00","196.98K","1.01"
"Oct 10, 2013","795.50","794.50","796.00","794.50","363.55K","0.13"
"Oct 09, 2013","794.50","795.00","800.00","781.00","244.57K","-0.69"
"Oct 08, 2013","800.00","800.00","800.00","796.00","39.67K","0.25"
"Oct 07, 2013","798.00","799.50","810.00","796.00","107.47K","0.50"
"Oct 04, 2013","794.00","791.50","797.00","780.00","406.72K","0.51"
"Oct 03, 2013","790.00","795.00","800.50","785.00","261.54K","0.00"
"Oct 02, 2013","790.00","781.00","794.00","780.00","280.24K","3.27"
"Oct 01, 2013","765.00","764.00","775.00","761.50","359.64K","0.66"
"Sep 30, 2013","760.00","805.00","805.00","760.00","266.26K","-5.59"
"Sep 27, 2013","805.00","816.00","816.00","805.00","195.15K","-1.17"
"Sep 26, 2013","814.50","825.00","826.00","813.00","467.47K","-0.06"
"Sep 25, 2013","815.00","823.00","825.00","815.00","260.66K","-1.21"
"Sep 24, 2013","825.00","840.00","840.00","820.00","328.53K","0.61"
"Sep 23, 2013","820.00","820.00","839.50","815.00","69.53K","0.00"
"Sep 20, 2013","820.00","844.00","844.00","820.00","253.36K","-2.26"
"Sep 19, 2013","839.00","840.00","850.00","835.00","201.22K","0.90"
"Sep 18, 2013","831.50","830.00","838.00","828.00","144.32K","0.30"
"Sep 17, 2013","829.00","830.00","838.00","828.00","243.27K","-1.31"
"Sep 16, 2013","840.00","806.00","840.00","805.50","633.93K","4.35"
"Sep 13, 2013","805.00","806.00","807.00","800.00","180.70K","0.00"
"Sep 12, 2013","805.00","804.50","812.50","800.00","113.34K","0.31"
"Sep 11, 2013","802.50","801.00","805.00","800.00","298.49K","0.31"
"Sep 10, 2013","800.00","767.00","801.00","767.00","297.68K","4.58"
"Sep 09, 2013","765.00","765.00","770.00","760.00","109.52K","0.59"
"Sep 06, 2013","760.50","775.00","780.00","760.00","141.48K","-1.11"
"Sep 05, 2013","769.00","792.50","792.50","769.00","130.82K","-3.03"
"Sep 04, 2013","793.00","800.00","800.00","791.00","305.11K","-0.88"
"Sep 03, 2013","800.00","809.00","809.00","800.00","130.38K","-1.11"
"Sep 02, 2013","809.00","775.00","812.00","772.00","186.91K","4.39"
"Aug 30, 2013","775.00","780.00","790.00","770.00","284.89K","-0.64"
"Aug 29, 2013","780.00","728.00","790.00","720.00","615.97K","13.04"
"Aug 28, 2013","690.00","750.00","750.00","685.00","811.96K","-10.04"
"Aug 27, 2013","767.00","806.00","806.00","767.00","358.56K","-6.46"
"Aug 23, 2013","820.00","825.00","830.00","815.00","246.04K","-0.61"
"Aug 22, 2013","825.00","850.00","850.00","810.00","325.77K","-4.62"
"Aug 16, 2013","865.00","868.00","868.00","857.00","161.88K","-0.35"
"Aug 15, 2013","868.00","870.50","871.00","866.00","170.17K","-0.29"
"Aug 14, 2013","870.50","860.00","873.00","860.00","113.47K","0.69"
"Aug 13, 2013","864.50","859.50","866.00","858.00","204.97K","0.76"
"Aug 12, 2013","858.00","831.00","859.00","831.00","130.13K","3.37"
"Aug 08, 2013","830.00","840.00","840.00","827.50","25.36K","0.36"
"Aug 07, 2013","827.00","816.00","837.50","815.00","151.71K","0.12"
"Aug 06, 2013","826.00","823.00","827.50","815.00","69.07K","-0.06"
"Aug 05, 2013","826.50","827.00","828.00","826.00","168.22K","-0.06"
"Aug 02, 2013","827.00","830.00","830.00","825.00","120.23K","0.24"
"Aug 01, 2013","825.00","818.00","828.50","817.00","68.88K","0.98"
"Jul 31, 2013","817.00","833.00","833.00","816.50","78.48K","-1.92"
"Jul 30, 2013","833.00","830.00","843.00","828.00","73.40K","0.48"
"Jul 29, 2013","829.00","824.00","830.00","824.00","31.63K","0.42"
"Jul 26, 2013","825.50","829.00","829.00","823.00","94.32K","-0.30"
"Jul 25, 2013","828.00","829.50","830.00","826.00","57.28K","0.73"
"Jul 24, 2013","822.00","825.00","831.00","820.00","67.51K","-0.06"
"Jul 23, 2013","822.50","816.00","824.00","816.00","103.40K","0.80"
"Jul 22, 2013","816.00","829.00","829.00","816.00","72.70K","-1.33"
"Jul 19, 2013","827.00","822.00","830.00","817.50","172.57K","0.61"
"Jul 18, 2013","822.00","808.00","825.00","808.00","97.20K","1.73"
"Jul 17, 2013","808.00","817.50","817.50","800.00","159.16K","-1.16"
"Jul 16, 2013","817.50","822.00","823.00","816.50","663.62K","-0.55"
"Jul 15, 2013","822.00","800.00","825.50","800.00","156.73K","2.75"
"Jul 12, 2013","800.00","774.00","804.00","774.00","272.08K","4.17"
"Jul 11, 2013","768.00","760.00","773.00","760.00","167.67K","1.99"
"Jul 10, 2013","753.00","765.00","765.00","753.00","92.56K","-1.25"
"Jul 09, 2013","762.50","777.00","777.00","762.00","140.00K","-0.85"
"Jul 08, 2013","769.00","784.00","784.00","767.00","101.62K","-1.91"
"Jul 05, 2013","784.00","770.00","784.00","770.00","14.83K","3.16"
"Jul 04, 2013","760.00","754.00","762.00","752.50","152.39K","0.80"
"Jul 03, 2013","754.00","763.00","763.00","751.00","222.71K","-2.71"
"Jul 02, 2013","775.00","789.00","790.00","760.00","116.74K","-1.65"
"Jul 01, 2013","788.00","790.50","795.00","788.00","207.98K","-0.88"
"Jun 28, 2013","795.00","789.00","797.00","780.00","360.65K","1.92"
"Jun 27, 2013","780.00","756.00","788.00","756.00","230.56K","3.86"
"Jun 26, 2013","751.00","729.00","753.50","729.00","326.96K","4.60"
"Jun 25, 2013","718.00","740.00","740.00","690.00","563.19K","-4.14"
"Jun 24, 2013","749.00","759.00","780.00","741.00","180.95K","-1.83"
"Jun 21, 2013","763.00","768.50","799.50","750.00","235.37K","-1.55"
"Jun 20, 2013","775.00","785.00","800.00","775.00","99.27K","-4.20"
"Jun 19, 2013","809.00","810.00","810.00","798.00","118.53K","-0.12"
"Jun 18, 2013","810.00","794.00","812.00","794.00","230.90K","2.40"
"Jun 17, 2013","791.00","780.00","792.00","780.00","53.23K","2.46"
"Jun 14, 2013","772.00","750.00","780.00","750.00","330.29K","3.62"
"Jun 13, 2013","745.00","775.00","775.00","736.00","311.79K","-5.70"
"Jun 11, 2013","790.00","815.00","817.00","785.00","649.66K","-2.71"
"Jun 10, 2013","812.00","783.00","812.00","783.00","640.55K","3.77"
"Jun 07, 2013","782.50","790.00","790.00","773.00","538.83K","2.02"
"Jun 06, 2013","767.00","765.00","770.00","753.00","130.23K","0.00"
"Jun 05, 2013","767.00","775.00","782.00","767.00","208.53K","-1.03"
"Jun 04, 2013","775.00","769.00","784.50","765.00","406.73K","1.44"
"Jun 03, 2013","764.00","770.00","777.00","755.00","1.62M","1.87"
"May 31, 2013","750.00","801.00","806.00","750.00","1.00M","-6.25"
"May 30, 2013","800.00","842.00","842.00","799.00","803.32K","-4.76"
"May 29, 2013","840.00","835.00","845.00","835.00","236.15K","0.00"
"May 28, 2013","840.00","845.50","845.50","833.50","47.67K","-0.71"
"May 27, 2013","846.00","841.50","846.00","829.00","106.57K","1.20"
"May 24, 2013","836.00","830.00","850.00","830.00","76.08K","0.66"
"May 23, 2013","830.50","848.00","850.00","830.00","341.92K","-1.72"
"May 22, 2013","845.00","850.00","854.00","839.00","510.54K","-0.59"
"May 21, 2013","850.00","856.00","856.00","849.00","460.43K","-0.70"
"May 20, 2013","856.00","855.00","860.00","854.00","138.10K","0.47"
"May 17, 2013","852.00","855.00","855.00","851.50","193.51K","-0.23"
"May 16, 2013","854.00","878.00","878.00","850.00","314.59K","-2.79"
"May 15, 2013","878.50","882.50","883.50","878.00","200.21K","-0.17"
"May 14, 2013","880.00","859.00","880.50","859.00","370.60K","2.33"
"May 10, 2013","860.00","825.50","868.00","825.50","293.90K","4.24"
"May 09, 2013","825.00","808.00","825.00","808.00","529.19K","2.68"
"May 08, 2013","803.50","800.00","807.00","800.00","175.70K","1.07"
"May 07, 2013","795.00","800.00","804.00","785.00","232.70K","-0.25"
"May 06, 2013","797.00","792.50","810.50","792.50","270.11K","0.57"
"May 03, 2013","792.50","792.00","795.00","790.00","393.10K","0.57"
"May 02, 2013","788.00","790.00","790.00","785.00","113.29K","-0.38"
"Apr 30, 2013","791.00","790.00","795.00","790.00","283.08K","0.13"
"Apr 29, 2013","790.00","790.00","795.00","785.00","102.12K","0.00"
"Apr 26, 2013","790.00","775.00","790.00","775.00","349.45K","1.94"
"Apr 25, 2013","775.00","790.00","790.00","775.00","160.21K","-0.51"
"Apr 24, 2013","779.00","790.00","795.00","773.50","178.28K","-1.14"
"Apr 23, 2013","788.00","790.00","791.50","787.00","196.67K","-0.32"
"Apr 22, 2013","790.50","793.00","795.00","785.00","66.92K","0.06"
"Apr 19, 2013","790.00","770.00","794.50","770.00","187.74K","1.94"
"Apr 18, 2013","775.00","776.00","776.00","764.00","135.64K","1.17"
"Apr 17, 2013","766.00","775.00","780.00","765.00","100.14K","0.13"
"Apr 16, 2013","765.00","778.00","778.00","762.00","391.71K","-2.05"
"Apr 15, 2013","781.00","766.00","783.00","766.00","199.99K","2.09"
"Apr 12, 2013","765.00","790.00","790.00","763.00","119.96K","-2.30"
"Apr 11, 2013","783.00","780.00","788.00","780.00","303.75K","1.69"
"Apr 10, 2013","770.00","747.00","775.50","747.00","244.18K","3.08"
"Apr 08, 2013","747.00","747.00","749.00","744.00","131.97K","-1.71"
"Apr 05, 2013","760.00","749.00","760.00","740.00","95.28K","1.74"
"Apr 04, 2013","747.00","755.00","755.00","745.00","28.83K","-1.65"
"Apr 03, 2013","759.50","743.00","761.00","740.00","155.68K","2.15"
"Apr 02, 2013","743.50","750.00","750.00","739.00","89.80K","-0.60"
"Apr 01, 2013","748.00","748.50","762.00","740.00","237.35K","2.05"
"Mar 27, 2013","733.00","739.00","746.00","730.00","425.77K","0.00"
"Mar 26, 2013","733.00","732.00","740.00","730.50","185.15K","0.21"
"Mar 25, 2013","731.50","745.00","745.00","730.00","179.07K","-0.88"
"Mar 22, 2013","738.00","745.00","746.00","738.00","89.47K","-0.14"
"Mar 21, 2013","739.00","739.00","740.00","738.00","49.46K","0.00"
"Mar 20, 2013","739.00","742.00","742.00","730.00","198.44K","-0.40"
"Mar 19, 2013","742.00","732.00","749.00","725.50","121.30K","1.23"
"Mar 18, 2013","733.00","769.00","769.00","730.00","247.88K","-4.81"
"Mar 15, 2013","770.00","760.00","770.00","758.00","201.64K","1.32"
"Mar 14, 2013","760.00","761.00","761.00","756.00","194.90K","-0.13"
"Mar 13, 2013","761.00","767.50","767.50","757.00","126.77K","-0.98"
"Mar 12, 2013","768.50","770.00","775.00","765.00","210.49K","-0.26"
"Mar 11, 2013","770.50","780.00","780.50","769.00","267.51K","-1.22"
"Mar 08, 2013","780.00","758.00","781.00","758.00","522.73K","3.31"
"Mar 07, 2013","755.00","780.00","786.00","750.00","295.28K","-2.58"
"Mar 06, 2013","775.00","800.00","805.00","775.00","224.72K","-1.90"
"Mar 05, 2013","790.00","800.00","800.00","790.00","324.99K","0.51"
"Mar 04, 2013","786.00","780.00","792.00","775.00","335.87K","3.42"
"Mar 01, 2013","760.00","748.00","770.00","740.00","170.67K","1.33"
"Feb 28, 2013","750.00","730.00","750.00","730.00","36.17K","2.74"
"Feb 27, 2013","730.00","733.00","733.00","728.00","160.39K","0.07"
"Feb 26, 2013","729.50","730.00","730.00","724.00","118.52K","-0.48"
"Feb 25, 2013","733.00","730.00","735.00","722.00","104.77K","0.83"
"Feb 22, 2013","727.00","730.00","730.00","719.00","152.43K","-0.41"
"Feb 21, 2013","730.00","750.00","750.00","730.00","242.93K","-3.82"
"Feb 20, 2013","759.00","761.00","761.00","735.00","84.71K","1.20"
"Feb 19, 2013","750.00","770.00","770.00","750.00","204.49K","-1.83"
"Feb 18, 2013","764.00","755.00","770.00","750.00","132.47K","1.87"
"Feb 15, 2013","750.00","720.00","757.00","720.00","258.61K","4.46"
"Feb 14, 2013","718.00","721.00","723.00","715.00","263.64K","0.00"
"Feb 13, 2013","718.00","724.00","726.00","717.00","101.76K","-0.83"
"Feb 12, 2013","724.00","730.00","730.00","721.00","26.27K","-0.07"
"Feb 11, 2013","724.50","720.00","729.50","720.00","51.80K","1.05"
"Feb 08, 2013","717.00","737.00","739.50","717.00","222.80K","-2.45"
"Feb 07, 2013","735.00","744.00","755.00","735.00","260.70K","-1.14"
"Feb 06, 2013","743.50","725.00","750.00","725.00","261.91K","2.55"
"Feb 05, 2013","725.00","720.00","729.50","715.00","112.85K","0.00"
"Feb 04, 2013","725.00","710.00","725.00","710.00","258.64K","2.98"
"Feb 01, 2013","704.00","692.00","707.00","692.00","265.81K","2.25"
"Jan 31, 2013","688.50","685.00","691.50","685.00","285.98K","1.25"
"Jan 30, 2013","680.00","685.00","685.00","680.00","136.19K","0.15"
"Jan 29, 2013","679.00","668.00","680.00","668.00","241.79K","1.65"
"Jan 28, 2013","668.00","670.00","690.00","667.00","203.97K","-0.30"
"Jan 25, 2013","670.00","678.50","678.50","669.00","290.80K","-1.18"
"Jan 24, 2013","678.00","669.50","681.00","669.50","310.71K","1.95"
"Jan 23, 2013","665.00","667.00","667.00","660.00","247.54K","-0.15"
"Jan 22, 2013","666.00","670.00","671.00","665.00","109.59K","-0.60"
"Jan 21, 2013","670.00","682.00","685.00","669.00","58.06K","-1.47"
"Jan 18, 2013","680.00","670.00","684.00","670.00","608.35K","1.95"
"Jan 17, 2013","667.00","660.00","673.00","658.00","114.29K","1.37"
"Jan 16, 2013","658.00","650.00","660.00","650.00","214.98K","0.46"
"Jan 15, 2013","655.00","650.00","660.00","646.00","556.49K","0.77"
"Jan 14, 2013","650.00","650.00","652.00","647.00","454.32K","0.78"
"Jan 11, 2013","645.00","652.00","660.00","644.00","600.05K","-3.15"
"Jan 10, 2013","666.00","648.00","666.00","645.00","1.56M","-0.89"
"Jan 09, 2013","672.00","675.00","685.00","672.00","110.03K","-0.44"
"Jan 08, 2013","675.00","694.00","694.00","675.00","130.04K","-0.74"
"Jan 07, 2013","680.00","678.00","694.00","678.00","264.33K","0.89"
"Jan 04, 2013","674.00","674.00","675.00","669.50","183.40K","0.00"
"Jan 03, 2013","674.00","655.50","674.00","655.50","140.86K","3.06"
"Jan 02, 2013","654.00","631.00","655.50","631.00","228.73K","5.48"
"Dec 28, 2012","620.00","645.00","645.50","620.00","139.87K","-3.88"
"Dec 27, 2012","645.00","655.50","656.00","645.00","31.96K","0.00"
"Dec 26, 2012","645.00","645.00","659.00","645.00","35.39K","0.00"
"Dec 21, 2012","645.00","655.00","664.00","645.00","51.25K","-1.23"
"Dec 20, 2012","653.00","660.00","660.00","652.00","80.15K","0.46"
"Dec 19, 2012","650.00","655.00","660.00","648.00","64.11K","0.00"
"Dec 18, 2012","650.00","665.00","683.50","650.00","134.23K","-2.26"
"Dec 17, 2012","665.00","677.50","684.00","662.00","82.82K","-1.85"
"Dec 14, 2012","677.50","666.00","683.50","666.00","272.98K","1.73"
"Dec 13, 2012","666.00","661.00","675.00","661.00","65.97K","0.91"
"Dec 12, 2012","660.00","660.00","670.00","660.00","108.00K","0.00"
"Dec 11, 2012","660.00","649.00","690.00","647.00","115.75K","3.04"
"Dec 10, 2012","640.50","650.00","650.00","634.00","263.87K","-1.46"
"Dec 07, 2012","650.00","606.00","651.00","606.00","330.10K","7.62"
"Dec 06, 2012","604.00","595.00","606.50","595.00","174.56K","2.37"
"Dec 05, 2012","590.00","593.00","593.00","580.00","471.62K","-0.51"
"Dec 04, 2012","593.00","598.00","603.50","591.00","132.55K","-0.84"
"Dec 03, 2012","598.00","604.00","604.00","597.00","289.25K","0.34"
"Nov 29, 2012","596.00","601.00","612.00","596.00","670.19K","-0.83"
"Nov 28, 2012","601.00","605.00","609.50","595.00","1.01M","-0.66"
"Nov 27, 2012","605.00","590.00","608.00","590.00","255.54K","1.51"
"Nov 26, 2012","596.00","590.00","597.00","590.00","233.97K","0.68"
"Nov 23, 2012","592.00","589.50","598.00","589.50","138.56K","-0.34"
"Nov 22, 2012","594.00","595.00","600.00","594.00","69.37K","-0.17"
"Nov 21, 2012","595.00","575.00","601.00","575.00","217.14K","3.66"
"Nov 20, 2012","574.00","575.00","576.00","573.50","47.74K","0.61"
"Nov 19, 2012","570.50","568.00","585.00","568.00","581.05K","0.44"
"Nov 16, 2012","568.00","554.00","568.00","553.50","271.30K","2.53"
"Nov 15, 2012","554.00","552.50","555.50","550.00","245.70K","0.64"
"Nov 14, 2012","550.50","549.50","552.00","549.50","206.93K","0.09"
"Nov 13, 2012","550.00","550.00","550.00","548.50","175.32K","0.00"
"Nov 12, 2012","550.00","542.50","551.00","542.50","291.95K","1.48"
"Nov 09, 2012","542.00","539.50","542.50","538.50","237.15K","0.74"
"Nov 08, 2012","538.00","540.00","540.00","536.00","218.84K","-0.55"
"Nov 07, 2012","541.00","542.00","544.00","539.00","162.06K","-0.18"
"Nov 06, 2012","542.00","541.00","544.00","540.50","360.70K","0.28"
"Nov 05, 2012","540.50","540.00","540.50","538.00","509.47K","1.98"
"Oct 31, 2012","530.00","527.00","530.00","525.50","58.49K","0.57"
"Oct 30, 2012","527.00","522.00","531.50","522.00","141.51K","0.96"
"Oct 29, 2012","522.00","524.00","524.00","522.00","98.48K","-0.29"
"Oct 25, 2012","523.50","522.00","524.00","522.00","62.46K","0.29"
"Oct 24, 2012","522.00","533.00","533.00","521.00","169.67K","-2.16"
"Oct 23, 2012","533.50","528.00","543.00","528.00","451.70K","1.04"
"Oct 22, 2012","528.00","537.00","537.00","522.00","255.04K","-0.94"
"Oct 19, 2012","533.00","543.00","544.00","530.00","160.73K","-1.39"
"Oct 18, 2012","540.50","546.00","547.00","540.50","45.81K","-1.28"
"Oct 17, 2012","547.50","550.00","550.00","547.00","176.50K","-1.17"
"Oct 16, 2012","554.00","547.00","554.00","546.50","201.96K","1.74"
"Oct 15, 2012","544.50","554.50","555.00","543.50","33.72K","0.18"
"Oct 12, 2012","543.50","545.00","545.50","542.50","23.84K","-0.73"
"Oct 11, 2012","547.50","548.00","549.50","547.50","6.80K","-0.45"
"Oct 10, 2012","550.00","550.00","555.00","540.00","77.02K","-0.90"
"Oct 09, 2012","555.00","558.00","558.00","555.00","184.50K","-0.18"
"Oct 08, 2012","556.00","556.00","556.00","555.00","69.06K","-0.18"
"Oct 05, 2012","557.00","556.00","558.00","555.00","206.11K","-0.18"
"Oct 04, 2012","558.00","555.00","559.00","555.00","157.48K","0.54"
"Oct 03, 2012","555.00","553.50","555.00","550.00","35.42K","0.91"
"Oct 02, 2012","550.00","553.50","553.50","546.00","120.57K","0.36"
"Oct 01, 2012","548.00","545.00","555.00","545.00","48.17K","0.55"
"Sep 28, 2012","545.00","555.00","559.00","545.00","232.02K","0.00"
"Sep 27, 2012","545.00","554.00","554.00","545.00","49.26K","-1.62"
"Sep 26, 2012","554.00","560.00","560.00","548.50","186.80K","0.73"
"Sep 25, 2012","550.00","550.00","550.50","549.00","51.72K","0.92"
"Sep 24, 2012","545.00","545.00","549.50","545.00","32.88K","-0.91"
"Sep 21, 2012","550.00","540.00","550.00","540.00","128.06K","1.66"
"Sep 20, 2012","541.00","545.00","545.00","540.00","128.79K","-0.73"
"Sep 19, 2012","545.00","550.00","565.00","545.00","90.45K","-1.09"
"Sep 18, 2012","551.00","556.00","564.00","549.00","21.12K","0.18"
"Sep 17, 2012","550.00","563.00","564.00","550.00","220.41K","-2.31"
"Sep 14, 2012","563.00","563.00","565.00","562.50","232.91K","0.09"
"Sep 13, 2012","562.50","560.00","563.00","560.00","97.98K","0.45"
"Sep 12, 2012","560.00","559.00","562.00","558.00","246.02K","0.36"
"Sep 11, 2012","558.00","558.00","559.00","555.00","93.88K","0.00"
"Sep 10, 2012","558.00","551.00","564.00","551.00","62.86K","1.45"
"Sep 07, 2012","550.00","540.00","554.00","540.00","210.63K","2.14"
"Sep 06, 2012","538.50","537.50","540.00","537.50","27.08K","0.09"
"Sep 05, 2012","538.00","537.50","540.00","536.50","314.20K","0.09"
"Sep 04, 2012","537.50","537.00","540.00","537.00","233.08K","0.09"
"Sep 03, 2012","537.00","537.00","539.50","536.00","27.03K","0.00"
"Aug 31, 2012","537.00","535.00","538.50","535.00","50.19K","0.19"
"Aug 30, 2012","536.00","540.00","540.00","535.00","53.19K","-0.74"
"Aug 29, 2012","540.00","536.00","541.00","536.00","76.00K","0.75"
"Aug 28, 2012","536.00","547.00","547.00","536.00","46.72K","-1.38"
"Aug 24, 2012","543.50","545.00","545.00","542.00","79.18K","-0.64"
"Aug 23, 2012","547.00","538.00","548.00","537.00","61.18K","2.24"
"Aug 22, 2012","535.00","538.00","538.00","532.00","135.14K","-0.56"
"Aug 17, 2012","538.00","541.50","543.50","528.00","68.41K","-0.65"
"Aug 16, 2012","541.50","548.00","548.00","538.00","163.38K","-0.37"
"Aug 15, 2012","543.50","543.00","547.00","543.00","10.85K","0.09"
"Aug 14, 2012","543.00","542.00","543.50","541.00","16.10K","0.09"
"Aug 13, 2012","542.50","545.00","545.00","542.00","54.03K","0.09"
"Aug 10, 2012","542.00","548.00","548.00","538.00","94.40K","-1.09"
"Aug 09, 2012","548.00","550.00","550.00","548.00","62.25K","-1.08"
"Aug 08, 2012","554.00","548.00","556.00","540.00","201.77K","1.09"
"Aug 06, 2012","548.00","550.00","555.00","547.00","49.98K","0.00"
"Aug 03, 2012","548.00","545.00","549.00","540.00","27.55K","0.00"
"Aug 02, 2012","548.00","551.00","551.00","548.00","132.57K","-0.54"
"Aug 01, 2012","551.00","546.00","552.00","546.00","346.04K","0.92"
"Jul 31, 2012","546.00","544.50","549.00","541.00","324.38K","0.28"
"Jul 30, 2012","544.50","538.00","548.00","538.00","252.07K","2.54"
"Jul 27, 2012","531.00","528.00","534.00","528.00","26.62K","1.14"
"Jul 26, 2012","525.00","528.00","528.00","524.50","291.47K","0.00"
"Jul 25, 2012","525.00","527.00","527.00","525.00","117.28K","-0.38"
"Jul 24, 2012","527.00","529.50","530.00","525.00","99.20K","-0.57"
"Jul 23, 2012","530.00","538.00","538.00","528.50","53.15K","-1.49"
"Jul 20, 2012","538.00","529.00","543.00","529.00","457.19K","1.80"
"Jul 19, 2012","528.50","528.50","536.00","526.00","263.86K","0.48"
"Jul 18, 2012","526.00","532.00","535.00","525.00","70.78K","-1.68"
"Jul 17, 2012","535.00","540.00","544.00","535.00","223.41K","-0.93"
"Jul 16, 2012","540.00","540.00","546.00","538.00","335.43K","0.93"
"Jul 13, 2012","535.00","523.00","542.00","523.00","322.77K","0.66"
"Jul 12, 2012","531.50","510.00","532.00","510.00","856.37K","4.83"
"Jul 11, 2012","507.00","507.00","507.00","505.50","205.22K","-0.39"
"Jul 10, 2012","509.00","500.00","509.00","499.00","93.55K","-0.20"
"Jul 09, 2012","510.00","513.00","513.00","501.00","30.37K","-0.78"
"Jul 06, 2012","514.00","513.00","515.50","513.00","183.98K","-0.39"
"Jul 05, 2012","516.00","510.00","516.00","510.00","59.89K","0.19"
"Jul 04, 2012","515.00","517.00","517.00","513.50","157.25K","-0.29"
"Jul 03, 2012","516.50","510.00","517.50","510.00","296.19K","1.27"
"Jul 02, 2012","510.00","507.00","515.50","507.00","326.87K","0.99"
"Jun 29, 2012","505.00","505.00","508.50","505.00","143.68K","0.00"
"Jun 28, 2012","505.00","500.00","510.00","500.00","172.64K","0.20"
"Jun 27, 2012","504.00","484.00","504.00","484.00","542.42K","3.28"
"Jun 26, 2012","488.00","481.40","492.80","481.40","62.51K","-0.20"
"Jun 25, 2012","489.00","494.00","494.00","489.00","7.83K","-0.20"
"Jun 22, 2012","490.00","492.00","495.00","490.00","597.81K","-0.81"
"Jun 21, 2012","494.00","492.00","495.00","492.00","136.13K","0.20"
"Jun 20, 2012","493.00","493.00","493.60","493.00","146.50K","0.16"
"Jun 19, 2012","492.20","497.00","497.00","490.00","11.47K","-0.81"
"Jun 18, 2012","496.20","482.20","499.60","482.20","247.57K","2.95"
"Jun 15, 2012","482.00","482.00","482.60","482.00","36.64K","-0.41"
"Jun 14, 2012","484.00","484.00","487.00","484.00","125.23K","-0.04"
"Jun 13, 2012","484.20","483.00","490.00","483.00","41.86K","0.25"
"Jun 11, 2012","483.00","479.00","483.00","479.00","47.23K","0.42"
"Jun 08, 2012","481.00","475.20","483.00","475.20","10.32K","0.42"
"Jun 07, 2012","479.00","478.20","488.00","478.20","213.64K","0.21"
"Jun 06, 2012","478.00","478.00","481.00","477.00","55.66K","0.21"
"Jun 05, 2012","477.00","476.40","481.00","476.40","109.19K","0.17"
"Jun 04, 2012","476.20","497.00","497.00","476.00","106.13K","-4.57"
"Jun 01, 2012","499.00","498.00","499.60","497.00","148.16K","-0.20"
"May 31, 2012","500.00","495.00","503.00","482.00","166.84K","0.00"
"May 30, 2012","500.00","498.00","500.00","495.00","344.94K","0.40"
"May 29, 2012","498.00","483.20","501.00","481.00","760.22K","3.11"
"May 28, 2012","483.00","480.00","483.00","478.00","68.63K","0.84"
"May 25, 2012","479.00","479.00","479.80","478.00","235.56K","0.00"
"May 24, 2012","479.00","468.00","480.00","468.00","52.81K","-0.21"
"May 23, 2012","480.00","479.00","480.00","476.00","117.01K","1.65"
"May 22, 2012","472.20","480.00","490.00","472.20","139.72K","0.04"
"May 21, 2012","472.00","462.20","478.00","460.80","283.66K","1.51"
"May 18, 2012","465.00","475.00","475.00","463.00","181.16K","-3.53"
"May 17, 2012","482.00","475.00","493.00","470.00","222.77K","2.55"
"May 16, 2012","470.00","470.00","480.00","467.00","232.47K","0.95"
"May 15, 2012","465.60","470.00","470.00","455.40","769.63K","-0.94"
"May 14, 2012","470.00","468.40","490.00","468.40","210.09K","-4.28"
"May 11, 2012","491.00","493.38","500.00","490.00","210.99K","-0.41"
"May 10, 2012","493.00","500.00","501.00","489.00","382.22K","-1.79"
"May 09, 2012","502.00","503.00","504.00","500.50","209.71K","-0.20"
"May 08, 2012","503.00","500.00","506.00","500.00","182.32K","0.60"
"May 07, 2012","500.00","510.00","510.00","500.00","408.80K","-2.25"
"May 04, 2012","511.50","512.00","512.00","501.00","465.26K","2.20"
"May 03, 2012","500.50","509.00","510.00","494.60","1.32M","-1.86"
"May 02, 2012","510.00","510.00","515.00","510.00","328.12K","0.20"
"Apr 30, 2012","509.00","503.50","510.00","501.00","200.57K","1.29"
"Apr 27, 2012","502.50","510.00","510.00","501.00","643.19K","-1.08"
"Apr 26, 2012","508.00","515.00","520.00","506.00","413.67K","-0.97"
"Apr 25, 2012","513.00","491.80","516.50","491.80","1.40M","4.44"
"Apr 24, 2012","491.20","491.00","492.00","486.60","682.83K","-0.20"
"Apr 23, 2012","492.20","491.00","495.00","490.00","1.10M","0.04"